/*
Navicat MySQL Data Transfer

Source Server         : 129.28.109.71
Source Server Version : 50562
Source Host           : 129.28.109.71:3306
Source Database       : vhr

Target Server Type    : MYSQL
Target Server Version : 50562
File Encoding         : 65001

Date: 2019-07-24 10:58:04
*/
CREATE DATABASE `vhr` DEFAULT CHARACTER SET utf8;

USE `vhr`;
SET FOREIGN_KEY_CHECKS=0;

-- ----------------------------
-- Table structure for adjustsalary
-- ----------------------------
DROP TABLE IF EXISTS `adjustsalary`;
CREATE TABLE `adjustsalary` (
  `id` bigint(20) NOT NULL AUTO_INCREMENT COMMENT '主键id',
  `eid` bigint(20) DEFAULT NULL,
  `asDate` datetime DEFAULT NULL COMMENT '调薪日期',
  `beforeSalary` int(11) DEFAULT NULL COMMENT '调前薪资',
  `afterSalary` int(11) DEFAULT NULL COMMENT '调后薪资',
  `reason` varchar(255) DEFAULT NULL COMMENT '调薪原因',
  `remark` varchar(255) DEFAULT NULL COMMENT '备注',
  PRIMARY KEY (`id`),
  KEY `pid` (`eid`),
  CONSTRAINT `adjustsalary_ibfk_1` FOREIGN KEY (`eid`) REFERENCES `employee` (`id`)
) ENGINE=InnoDB DEFAULT CHARSET=utf8;

-- ----------------------------
-- Records of adjustsalary
-- ----------------------------

-- ----------------------------
-- Table structure for appraise
-- ----------------------------
DROP TABLE IF EXISTS `appraise`;
CREATE TABLE `appraise` (
  `id` bigint(20) NOT NULL AUTO_INCREMENT,
  `eid` bigint(20) DEFAULT NULL,
  `appDate` datetime DEFAULT NULL COMMENT '考评日期',
  `appResult` varchar(32) DEFAULT NULL COMMENT '考评结果',
  `appContent` varchar(255) DEFAULT NULL COMMENT '考评内容',
  `remark` varchar(255) DEFAULT NULL COMMENT '备注',
  PRIMARY KEY (`id`),
  KEY `pid` (`eid`),
  CONSTRAINT `appraise_ibfk_1` FOREIGN KEY (`eid`) REFERENCES `employee` (`id`)
) ENGINE=InnoDB DEFAULT CHARSET=utf8;

-- ----------------------------
-- Records of appraise
-- ----------------------------

-- ----------------------------
-- Table structure for department
-- ----------------------------
DROP TABLE IF EXISTS `department`;
CREATE TABLE `department` (
  `id` bigint(20) NOT NULL AUTO_INCREMENT,
  `name` varchar(32) DEFAULT NULL COMMENT '部门名称',
  `parentId` int(11) DEFAULT NULL,
  `depPath` varchar(255) DEFAULT NULL,
  `enabled` tinyint(1) DEFAULT '1',
  `isParent` tinyint(1) DEFAULT '0',
  PRIMARY KEY (`id`)
) ENGINE=InnoDB AUTO_INCREMENT=93 DEFAULT CHARSET=utf8;

-- ----------------------------
-- Records of department
-- ----------------------------
INSERT INTO `department` VALUES ('1', '股东会', '-1', '.1', '1', '1');
INSERT INTO `department` VALUES ('4', '董事会', '1', '.1.4', '1', '1');
INSERT INTO `department` VALUES ('5', '总办', '4', '.1.4.5', '1', '1');
INSERT INTO `department` VALUES ('8', '财务部', '5', '.1.4.5.8', '1', '0');
INSERT INTO `department` VALUES ('78', '市场部', '5', '.1.4.5.78', '1', '1');
INSERT INTO `department` VALUES ('81', '华北市场部', '78', '.1.4.5.78.81', '1', '1');
INSERT INTO `department` VALUES ('82', '华南市场部', '78', '.1.4.5.78.82', '1', '0');
INSERT INTO `department` VALUES ('85', '石家庄市场部', '81', '.1.4.5.78.81.85', '1', '0');
INSERT INTO `department` VALUES ('86', '西北市场部', '78', '.1.4.5.78.86', '1', '1');
INSERT INTO `department` VALUES ('87', '西安市场', '86', '.1.4.5.78.86.87', '1', '1');
INSERT INTO `department` VALUES ('89', '莲湖区市场', '87', '.1.4.5.78.86.87.89', '1', '0');
INSERT INTO `department` VALUES ('91', '技术部', '5', '.1.4.5.91', '1', '0');
INSERT INTO `department` VALUES ('92', '运维部', '5', '.1.4.5.92', '1', '0');

-- ----------------------------
-- Table structure for duty
-- ----------------------------
DROP TABLE IF EXISTS `duty`;
CREATE TABLE `duty` (
  `id` bigint(20) NOT NULL AUTO_INCREMENT COMMENT '值班表Id',
  `dutyInfoId` bigint(20) NOT NULL COMMENT '值班信息表Id',
  `employeeId` bigint(20) NOT NULL COMMENT '人员Id(员工Id）',
  `createDate` datetime DEFAULT NULL COMMENT '创建时间',
  `updateDate` datetime DEFAULT NULL COMMENT '修改时间',
  PRIMARY KEY (`id`),
  KEY `dutyId` (`id`) USING BTREE COMMENT '值班表主键索引',
  KEY `dutyInfoId` (`dutyInfoId`) USING BTREE COMMENT '值班详情主键索引',
  KEY `employeeId` (`employeeId`) COMMENT '员工主键索引'
) ENGINE=InnoDB AUTO_INCREMENT=24 DEFAULT CHARSET=utf8 COMMENT='值班信息表中间表';

-- ----------------------------
-- Records of duty
-- ----------------------------
INSERT INTO `duty` VALUES ('1', '1', '1', '2019-07-18 15:02:03', '2019-07-18 15:02:06');
INSERT INTO `duty` VALUES ('2', '1', '4', '2019-07-18 15:02:03', '2019-07-18 15:02:06');
INSERT INTO `duty` VALUES ('3', '2', '2', '2019-07-18 15:02:03', '2019-07-18 15:02:06');
INSERT INTO `duty` VALUES ('4', '3', '5', '2019-07-18 15:02:03', '2019-07-18 15:02:06');
INSERT INTO `duty` VALUES ('5', '4', '3', '2019-07-18 15:04:11', '2019-07-18 15:04:14');
INSERT INTO `duty` VALUES ('6', '4', '8', '2019-07-18 15:02:03', '2019-07-18 15:02:06');
INSERT INTO `duty` VALUES ('7', '5', '9', '2019-07-18 15:14:13', '2019-07-18 15:14:15');
INSERT INTO `duty` VALUES ('8', '6', '10', '2019-07-22 16:21:45', '2019-07-22 16:21:51');
INSERT INTO `duty` VALUES ('9', '6', '15', '2019-07-22 16:22:03', '2019-07-22 16:22:05');
INSERT INTO `duty` VALUES ('10', '7', '11', '2019-07-22 16:22:21', '2019-07-22 16:22:23');
INSERT INTO `duty` VALUES ('11', '8', '12', '2019-07-22 16:22:35', '2019-07-22 16:22:38');
INSERT INTO `duty` VALUES ('12', '9', '13', '2019-07-22 16:22:46', '2019-07-22 16:22:48');
INSERT INTO `duty` VALUES ('13', '10', '14', '2019-07-22 16:22:58', '2019-07-22 16:23:00');
INSERT INTO `duty` VALUES ('14', '28', '7', '2019-07-23 16:06:55', '2019-07-23 16:06:55');
INSERT INTO `duty` VALUES ('15', '28', '5', '2019-07-23 16:06:55', '2019-07-23 16:06:55');
INSERT INTO `duty` VALUES ('16', '28', '6', '2019-07-23 16:06:55', '2019-07-23 16:06:55');
INSERT INTO `duty` VALUES ('17', '29', '1461', '2019-07-23 16:12:52', '2019-07-23 16:12:52');
INSERT INTO `duty` VALUES ('18', '29', '1458', '2019-07-23 16:12:52', '2019-07-23 16:12:52');
INSERT INTO `duty` VALUES ('19', '29', '1456', '2019-07-23 16:12:52', '2019-07-23 16:12:52');
INSERT INTO `duty` VALUES ('20', '30', '4', '2019-07-24 09:44:44', '2019-07-24 09:44:44');
INSERT INTO `duty` VALUES ('21', '30', '3', '2019-07-24 09:44:44', '2019-07-24 09:44:44');
INSERT INTO `duty` VALUES ('22', '30', '7', '2019-07-24 09:44:44', '2019-07-24 09:44:44');
INSERT INTO `duty` VALUES ('23', '30', '2', '2019-07-24 09:44:44', '2019-07-24 09:44:44');

-- ----------------------------
-- Table structure for dutyInfo
-- ----------------------------
DROP TABLE IF EXISTS `dutyInfo`;
CREATE TABLE `dutyInfo` (
  `dutyInfoId` bigint(20) NOT NULL AUTO_INCREMENT COMMENT '值班信息详细表Id',
  `dutyTime` datetime DEFAULT NULL COMMENT '值班日期',
  `remarks` varchar(255) DEFAULT NULL COMMENT '值班描述',
  `createTime` datetime DEFAULT NULL COMMENT '创建时间',
  `updateTime` datetime DEFAULT NULL COMMENT '修改时间',
  `operatorId` bigint(20) DEFAULT NULL COMMENT '操作人员Id',
  PRIMARY KEY (`dutyInfoId`),
  KEY `dutyInfoId` (`dutyInfoId`) USING BTREE COMMENT '值班详细主键索引',
  KEY `operatorId` (`operatorId`) USING BTREE COMMENT 'hr主键索引'
) ENGINE=InnoDB AUTO_INCREMENT=31 DEFAULT CHARSET=utf8 COMMENT='值班详细信息表';

-- ----------------------------
-- Records of dutyInfo
-- ----------------------------
INSERT INTO `dutyInfo` VALUES ('1', '2019-07-08 15:00:19', '值班信息1', '2019-07-08 15:00:19', '2019-07-08 15:00:19', '3');
INSERT INTO `dutyInfo` VALUES ('2', '2019-07-09 15:00:19', '值班信息2', '2019-07-09 15:00:19', '2019-07-09 15:00:19', '3');
INSERT INTO `dutyInfo` VALUES ('3', '2019-07-10 15:00:19', '值班信息3', '2019-07-10 15:00:19', '2019-07-10 15:00:19', '3');
INSERT INTO `dutyInfo` VALUES ('4', '2019-07-11 15:00:19', '值班信息4', '2019-07-11 15:00:19', '2019-07-11 15:00:19', '3');
INSERT INTO `dutyInfo` VALUES ('5', '2019-07-12 15:00:19', '值班信息5', '2019-07-12 15:00:19', '2019-07-12 15:00:19', '3');
INSERT INTO `dutyInfo` VALUES ('6', '2019-07-13 15:00:19', '值班信息6', '2019-07-22 15:00:19', '2019-07-22 15:00:19', '3');
INSERT INTO `dutyInfo` VALUES ('7', '2019-07-14 16:20:04', '值班信息7', '2019-07-22 16:20:41', '2019-07-22 16:20:47', '3');
INSERT INTO `dutyInfo` VALUES ('8', '2019-07-15 16:20:11', '值班信息8', '2019-07-22 16:20:47', '2019-07-22 16:20:47', '3');
INSERT INTO `dutyInfo` VALUES ('9', '2019-07-16 16:20:18', '值班信息9', '2019-07-22 16:20:47', '2019-07-22 16:20:47', '3');
INSERT INTO `dutyInfo` VALUES ('10', '2019-07-17 16:20:21', '值班信息10', '2019-07-22 16:20:47', '2019-07-22 16:20:47', '3');
INSERT INTO `dutyInfo` VALUES ('28', '2019-07-23 16:06:44', '123456', '2019-07-23 16:06:55', '2019-07-23 16:06:55', '3');
INSERT INTO `dutyInfo` VALUES ('29', '2019-07-31 02:02:02', '测试258', '2019-07-23 16:12:52', '2019-07-23 16:12:52', '3');
INSERT INTO `dutyInfo` VALUES ('30', '2019-07-24 09:00:00', '腾讯企业微信考试值班系统', '2019-07-24 09:44:44', '2019-07-24 09:44:44', '3');

-- ----------------------------
-- Table structure for employee
-- ----------------------------
DROP TABLE IF EXISTS `employee`;
CREATE TABLE `employee` (
  `id` bigint(20) NOT NULL AUTO_INCREMENT COMMENT '员工编号',
  `name` varchar(10) DEFAULT NULL COMMENT '员工姓名',
  `gender` char(4) DEFAULT NULL COMMENT '性别',
  `birthday` date DEFAULT NULL COMMENT '出生日期',
  `idCard` char(18) DEFAULT NULL COMMENT '身份证号',
  `wedlock` enum('已婚','未婚','离异') DEFAULT NULL COMMENT '婚姻状况',
  `nationId` int(8) DEFAULT NULL COMMENT '民族',
  `nativePlace` varchar(20) DEFAULT NULL COMMENT '籍贯',
  `politicId` int(11) DEFAULT NULL COMMENT '政治面貌',
  `email` varchar(20) DEFAULT NULL COMMENT '邮箱',
  `phone` varchar(11) DEFAULT NULL COMMENT '电话号码',
  `address` varchar(64) DEFAULT NULL COMMENT '联系地址',
  `departmentId` bigint(20) DEFAULT NULL COMMENT '所属部门',
  `jobLevelId` bigint(20) DEFAULT NULL COMMENT '职称ID',
  `posId` int(11) DEFAULT NULL COMMENT '职位ID',
  `engageForm` varchar(8) DEFAULT NULL COMMENT '聘用形式',
  `tiptopDegree` enum('博士','硕士','本科','大专','高中','初中','小学','其他') DEFAULT NULL COMMENT '最高学历',
  `specialty` varchar(32) DEFAULT NULL COMMENT '所属专业',
  `school` varchar(32) DEFAULT NULL COMMENT '毕业院校',
  `beginDate` datetime DEFAULT NULL COMMENT '入职日期',
  `workState` enum('在职','离职') DEFAULT '在职' COMMENT '在职状态',
  `workID` char(8) DEFAULT NULL COMMENT '工号',
  `contractTerm` double DEFAULT NULL COMMENT '合同期限',
  `conversionTime` datetime DEFAULT NULL COMMENT '转正日期',
  `notWorkDate` datetime DEFAULT NULL COMMENT '离职日期',
  `beginContract` datetime DEFAULT NULL COMMENT '合同起始日期',
  `endContract` datetime DEFAULT NULL COMMENT '合同终止日期',
  `workAge` int(11) DEFAULT NULL COMMENT '工龄',
  PRIMARY KEY (`id`),
  KEY `departmentId` (`departmentId`),
  KEY `jobId` (`jobLevelId`),
  KEY `dutyId` (`posId`),
  KEY `nationId` (`nationId`),
  KEY `politicId` (`politicId`),
  KEY `workID_key` (`workID`),
  CONSTRAINT `employee_ibfk_1` FOREIGN KEY (`departmentId`) REFERENCES `department` (`id`),
  CONSTRAINT `employee_ibfk_2` FOREIGN KEY (`jobLevelId`) REFERENCES `joblevel` (`id`),
  CONSTRAINT `employee_ibfk_3` FOREIGN KEY (`posId`) REFERENCES `position` (`id`),
  CONSTRAINT `employee_ibfk_4` FOREIGN KEY (`nationId`) REFERENCES `nation` (`id`),
  CONSTRAINT `employee_ibfk_5` FOREIGN KEY (`politicId`) REFERENCES `politicsstatus` (`id`)
) ENGINE=InnoDB AUTO_INCREMENT=1519 DEFAULT CHARSET=utf8 COMMENT='员工信息表';

-- ----------------------------
-- Records of employee
-- ----------------------------
INSERT INTO `employee` VALUES ('1', '江南一点雨', '男', '1990-01-01', '610122199001011256', '已婚', '1', '陕西', '13', 'laowang@qq.com', '18565558897', '深圳市南山区', '5', '9', '29', '劳务合同', '本科', '信息管理与信息系统', '深圳大学', '2018-01-01 00:00:00', '在职', '00000001', '2', '2018-04-01 00:00:00', null, '2018-01-01 00:00:00', '2020-01-01 00:00:00', null);
INSERT INTO `employee` VALUES ('2', '陈静', '女', '1989-02-01', '421288198902011234', '已婚', '1', '海南', '1', 'chenjing@qq.com', '18795556693', '海南省海口市美兰区', '8', '12', '30', '劳动合同', '高中', '市场营销', '武汉大学', '2015-06-09 00:00:00', '在职', '00000002', '3', '2015-09-10 00:00:00', null, '2015-06-09 00:00:00', '2018-06-08 00:00:00', null);
INSERT INTO `employee` VALUES ('3', '赵琳浩', '男', '1993-03-04', '610122199303041456', '未婚', '1', '陕西', '3', 'zhao@qq.com', '15698887795', '陕西省西安市莲湖区', '91', '12', '33', '劳动合同', '博士', '电子工程', '哈尔滨理工大学', '2018-01-01 00:00:00', '在职', '00000003', '3.5', '2018-04-01 00:00:00', null, '2018-01-01 00:00:00', '2021-07-14 00:00:00', null);
INSERT INTO `employee` VALUES ('4', '鹿存亮', '男', '1990-01-03', '610122199001031456', '已婚', '1', '陕西', '3', 'zhao@qq.com', '15612347795', '陕西省西安市莲湖区', '92', '12', '34', '劳动合同', '高中', '电子工程', '哈尔滨理工大学', '2018-01-01 00:00:00', '在职', '00000004', '3.5', '2018-04-01 00:00:00', null, '2018-01-01 00:00:00', '2021-07-14 00:00:00', null);
INSERT INTO `employee` VALUES ('5', '姚森', '男', '1991-02-05', '610122199102058952', '已婚', '1', '河南', '3', 'yaosen@qq.com', '14785559936', '河南洛阳人民大道58号', '92', '15', '34', '劳动合同', '硕士', '室内装修设计', '西北大学', '2017-01-02 00:00:00', '在职', '00000005', '7', '2017-04-02 00:00:00', null, '2017-01-02 00:00:00', '2024-01-17 00:00:00', null);
INSERT INTO `employee` VALUES ('6', '云星', '女', '1993-01-05', '610122199301054789', '已婚', '1', '陕西西安', '1', 'yunxing@qq.com', '15644442252', '陕西西安新城区', '92', '16', '34', '劳务合同', '硕士', '通信工程', '西安电子科技学校', '2018-01-01 00:00:00', '在职', '00000006', '5.25', '2018-04-01 00:00:00', null, '2018-01-01 00:00:00', '2023-04-13 00:00:00', null);
INSERT INTO `employee` VALUES ('7', '贾旭明', '男', '1993-11-11', '610122199311111234', '已婚', '1', '广东广州', '4', 'jiaxuming@qq.com', '15644441234', '广东省广州市天河区冼村路', '78', '15', '33', '劳务合同', '初中', '通信工程', '西北大学', '2018-01-01 00:00:00', '在职', '00000007', '5.25', '2018-04-01 00:00:00', null, '2018-01-01 00:00:00', '2023-04-13 00:00:00', null);
INSERT INTO `employee` VALUES ('8', '张黎明', '男', '1991-02-01', '610144199102014569', '已婚', '1', '广东', '6', 'zhangliming@qq.com', '18979994478', '广东珠海', '91', '15', '33', '劳动合同', '高中', '考古', '清华大学', '2018-01-01 00:00:00', '在职', '00000008', '7', '2018-04-01 00:00:00', null, '2018-01-01 00:00:00', '2025-01-30 00:00:00', null);
INSERT INTO `employee` VALUES ('9', '薛磊', '男', '1992-07-01', '610144199207017895', '已婚', '1', '陕西西安', '13', 'xuelei@qq.com', '15648887741', '西安市雁塔区', '92', '14', '34', '劳动合同', '初中', '无', '华胥中学', '2018-01-01 00:00:00', '在职', '00000009', '6', '2018-04-01 00:00:00', null, '2018-01-01 00:00:00', '2024-01-17 00:00:00', null);
INSERT INTO `employee` VALUES ('10', '张洁', '女', '1990-10-09', '420177199010093652', '未婚', '1', '海南', '5', 'zhangjie@qq.com', '13695557742', '海口市美兰区', '92', '16', '34', '劳动合同', '高中', '无', '海南侨中', '2018-01-01 00:00:00', '在职', '00000010', '1', '2018-01-31 00:00:00', null, '2018-01-01 00:00:00', '2019-01-01 00:00:00', null);
INSERT INTO `employee` VALUES ('11', '江南一点雨2', '男', '1990-01-01', '610122199001011256', '已婚', '1', '陕西', '13', 'laowang@qq.com', '18565558897', '深圳市南山区', '91', '9', '29', '劳动合同', '本科', '信息管理与信息系统', '深圳大学', '2018-01-01 00:00:00', '在职', '00000011', '1', '2018-04-01 00:00:00', null, '2018-01-01 00:00:00', '2019-01-01 00:00:00', null);
INSERT INTO `employee` VALUES ('12', '陈静2', '女', '1989-02-01', '421288198902011234', '已婚', '1', '海南', '1', 'chenjing@qq.com', '18795556693', '海南省海口市美兰区', '82', '12', '30', '劳动合同', '高中', '市场营销', '武汉大学', '2015-06-09 00:00:00', '在职', '00000012', '3', '2015-09-10 00:00:00', null, '2015-06-09 00:00:00', '2018-06-08 00:00:00', null);
INSERT INTO `employee` VALUES ('13', '赵琳浩2', '男', '1993-03-04', '610122199303041456', '未婚', '1', '陕西', '3', 'zhao@qq.com', '15698887795', '陕西省西安市莲湖区', '91', '12', '33', '劳动合同', '博士', '电子工程', '哈尔滨理工大学', '2018-01-01 00:00:00', '在职', '00000013', '3.5', '2018-04-01 00:00:00', null, '2018-01-01 00:00:00', '2021-07-14 00:00:00', null);
INSERT INTO `employee` VALUES ('14', '鹿存亮2', '男', '1990-01-03', '610122199001031456', '已婚', '1', '陕西', '3', 'zhao@qq.com', '15612347795', '陕西省西安市莲湖区', '92', '12', '34', '劳动合同', '高中', '电子工程', '哈尔滨理工大学', '2018-01-01 00:00:00', '在职', '00000014', '3.5', '2018-04-01 00:00:00', null, '2018-01-01 00:00:00', '2021-07-14 00:00:00', null);
INSERT INTO `employee` VALUES ('15', '姚森2', '男', '1991-02-05', '610122199102058952', '已婚', '1', '河南', '3', 'yaosen@qq.com', '14785559936', '河南洛阳人民大道58号', '92', '15', '34', '劳动合同', '初中', '室内装修设计', '西北大学', '2017-01-02 00:00:00', '在职', '00000015', '7', '2017-04-02 00:00:00', null, '2017-01-02 00:00:00', '2024-01-17 00:00:00', null);
INSERT INTO `employee` VALUES ('16', '云星2', '女', '1993-01-05', '610122199301054789', '已婚', '1', '陕西西安', '1', 'yunxing@qq.com', '15644442252', '陕西西安新城区', '92', '16', '34', '劳务合同', '硕士', '通信工程', '西安电子科技学校', '2018-01-01 00:00:00', '在职', '00000016', '5.25', '2018-04-01 00:00:00', null, '2018-01-01 00:00:00', '2023-04-13 00:00:00', null);
INSERT INTO `employee` VALUES ('17', '贾旭明2', '男', '1993-11-11', '610122199311111234', '已婚', '1', '广东广州', '4', 'jiaxuming@qq.com', '15644441234', '广东省广州市天河区冼村路', '78', '15', '33', '劳务合同', '初中', '通信工程', '西北大学', '2018-01-01 00:00:00', '在职', '00000017', '5.25', '2018-04-01 00:00:00', null, '2018-01-01 00:00:00', '2023-04-13 00:00:00', null);
INSERT INTO `employee` VALUES ('18', '王一亭', '男', '1991-02-01', '610144199102014569', '已婚', '1', '广东', '6', 'zhangliming@qq.com', '18979994478', '广东珠海', '91', '15', '33', '劳动合同', '高中', '考古', '清华大学', '2018-01-01 00:00:00', '在职', '00000018', '7', '2018-04-01 00:00:00', null, '2018-01-01 00:00:00', '2025-01-30 00:00:00', null);
INSERT INTO `employee` VALUES ('19', '薛磊2', '男', '1992-07-01', '610144199207017895', '已婚', '1', '陕西西安', '13', 'xuelei@qq.com', '15648887741', '西安市雁塔区', '92', '14', '34', '劳动合同', '初中', '无', '华胥中学', '2018-01-01 00:00:00', '在职', '00000019', '1', '2018-04-01 00:00:00', null, '2018-01-01 00:00:00', '2019-01-01 00:00:00', null);
INSERT INTO `employee` VALUES ('20', '张洁2', '女', '1990-10-09', '420177199010093652', '未婚', '1', '海南', '5', 'zhangjie@qq.com', '13695557742', '海口市美兰区', '92', '16', '34', '劳动合同', '高中', '无', '海南侨中', '2018-01-01 00:00:00', '在职', '00000020', '1', '2018-01-31 00:00:00', null, '2018-01-01 00:00:00', '2019-01-01 00:00:00', null);
INSERT INTO `employee` VALUES ('21', '江南一点雨3', '男', '1990-01-01', '610122199001011256', '已婚', '1', '陕西', '13', 'laowang@qq.com', '18565558897', '深圳市南山区', '8', '9', '29', '劳动合同', '本科', '信息管理与信息系统', '深圳大学', '2018-01-01 00:00:00', '在职', '00000021', '1', '2018-04-01 00:00:00', null, '2018-01-01 00:00:00', '2019-01-01 00:00:00', null);
INSERT INTO `employee` VALUES ('22', '陈静3', '女', '1989-02-01', '421288198902011234', '已婚', '1', '海南', '1', 'chenjing@qq.com', '18795556693', '海南省海口市美兰区', '82', '12', '30', '劳动合同', '高中', '市场营销', '武汉大学', '2015-06-09 00:00:00', '在职', '00000022', '3', '2015-09-10 00:00:00', null, '2015-06-09 00:00:00', '2018-06-08 00:00:00', null);
INSERT INTO `employee` VALUES ('24', '鹿存亮3', '男', '1990-01-03', '610122199001031456', '已婚', '1', '陕西', '3', 'zhao@qq.com', '15612347795', '陕西省西安市莲湖区', '92', '12', '34', '劳动合同', '高中', '电子工程', '哈尔滨理工大学', '2018-01-01 00:00:00', '在职', '00000024', '3.5', '2018-04-01 00:00:00', null, '2018-01-01 00:00:00', '2021-07-14 00:00:00', null);
INSERT INTO `employee` VALUES ('25', '姚森3', '男', '1991-02-05', '610122199102058952', '已婚', '1', '河南', '3', 'yaosen@qq.com', '14785559936', '河南洛阳人民大道58号', '92', '15', '34', '劳动合同', '初中', '室内装修设计', '西北大学', '2017-01-02 00:00:00', '在职', '00000025', '7', '2017-04-02 00:00:00', null, '2017-01-02 00:00:00', '2024-01-17 00:00:00', null);
INSERT INTO `employee` VALUES ('26', '云星3', '女', '1993-01-05', '610122199301054789', '已婚', '1', '陕西西安', '1', 'yunxing@qq.com', '15644442252', '陕西西安新城区', '92', '16', '34', '劳务合同', '硕士', '通信工程', '西安电子科技学校', '2018-01-01 00:00:00', '在职', '00000026', '5.25', '2018-04-01 00:00:00', null, '2018-01-01 00:00:00', '2023-04-13 00:00:00', null);
INSERT INTO `employee` VALUES ('27', '贾旭明3', '男', '1993-11-11', '610122199311111234', '已婚', '1', '广东广州', '4', 'jiaxuming@qq.com', '15644441234', '广东省广州市天河区冼村路', '78', '15', '33', '劳务合同', '初中', '通信工程', '西北大学', '2018-01-01 00:00:00', '在职', '00000027', '5.25', '2018-04-01 00:00:00', null, '2018-01-01 00:00:00', '2023-04-13 00:00:00', null);
INSERT INTO `employee` VALUES ('28', '张黎明3', '男', '1991-02-01', '610144199102014569', '已婚', '1', '广东', '6', 'zhangliming@qq.com', '18979994478', '广东珠海', '91', '15', '33', '劳动合同', '高中', '考古', '清华大学', '2018-01-01 00:00:00', '在职', '00000028', '7', '2018-04-01 00:00:00', null, '2018-01-01 00:00:00', '2025-01-30 00:00:00', null);
INSERT INTO `employee` VALUES ('29', '薛磊3', '男', '1992-07-01', '610144199207017895', '已婚', '1', '陕西西安', '13', 'xuelei@qq.com', '15648887741', '西安市雁塔区', '92', '14', '34', '劳动合同', '初中', '无', '华胥中学', '2018-01-01 00:00:00', '在职', '00000029', '6', '2018-04-01 00:00:00', null, '2018-01-01 00:00:00', '2024-01-17 00:00:00', null);
INSERT INTO `employee` VALUES ('31', '江南一点雨4', '男', '1990-01-01', '610122199001011256', '已婚', '1', '陕西', '13', 'laowang@qq.com', '18565558897', '深圳市南山区', '8', '9', '29', '劳动合同', '本科', '信息管理与信息系统', '深圳大学', '2018-01-01 00:00:00', '在职', '00000031', '1', '2018-04-01 00:00:00', null, '2018-01-01 00:00:00', '2019-01-01 00:00:00', null);
INSERT INTO `employee` VALUES ('32', '陈静4', '女', '1989-02-01', '421288198902011234', '已婚', '1', '海南', '1', 'chenjing@qq.com', '18795556693', '海南省海口市美兰区', '82', '12', '30', '劳动合同', '高中', '市场营销', '武汉大学', '2015-06-09 00:00:00', '在职', '00000032', '3', '2015-09-10 00:00:00', null, '2015-06-09 00:00:00', '2018-06-08 00:00:00', null);
INSERT INTO `employee` VALUES ('33', '赵琳浩4', '男', '1993-03-04', '610122199303041456', '未婚', '1', '陕西', '3', 'zhao@qq.com', '15698887795', '陕西省西安市莲湖区', '91', '12', '33', '劳动合同', '博士', '电子工程', '哈尔滨理工大学', '2018-01-01 00:00:00', '在职', '00000033', '3.5', '2018-04-01 00:00:00', null, '2018-01-01 00:00:00', '2021-07-14 00:00:00', null);
INSERT INTO `employee` VALUES ('34', '鹿存亮4', '男', '1990-01-03', '610122199001031456', '已婚', '1', '陕西', '3', 'zhao@qq.com', '15612347795', '陕西省西安市莲湖区', '92', '12', '34', '劳动合同', '高中', '电子工程', '哈尔滨理工大学', '2018-01-01 00:00:00', '在职', '00000034', '3.5', '2018-04-01 00:00:00', null, '2018-01-01 00:00:00', '2021-07-14 00:00:00', null);
INSERT INTO `employee` VALUES ('35', '姚森4', '男', '1991-02-05', '610122199102058952', '已婚', '1', '河南', '3', 'yaosen@qq.com', '14785559936', '河南洛阳人民大道58号', '92', '15', '34', '劳动合同', '初中', '室内装修设计', '西北大学', '2017-01-02 00:00:00', '在职', '00000035', '7', '2017-04-02 00:00:00', null, '2017-01-02 00:00:00', '2024-01-17 00:00:00', null);
INSERT INTO `employee` VALUES ('36', '云星4', '女', '1993-01-05', '610122199301054789', '已婚', '1', '陕西西安', '1', 'yunxing@qq.com', '15644442252', '陕西西安新城区', '92', '16', '34', '劳务合同', '硕士', '通信工程', '西安电子科技学校', '2018-01-01 00:00:00', '在职', '00000036', '5.25', '2018-04-01 00:00:00', null, '2018-01-01 00:00:00', '2023-04-13 00:00:00', null);
INSERT INTO `employee` VALUES ('37', '贾旭明4', '男', '1993-11-11', '610122199311111234', '已婚', '1', '广东广州', '4', 'jiaxuming@qq.com', '15644441234', '广东省广州市天河区冼村路', '78', '15', '33', '劳务合同', '初中', '通信工程', '西北大学', '2018-01-01 00:00:00', '在职', '00000037', '5.25', '2018-04-01 00:00:00', null, '2018-01-01 00:00:00', '2023-04-13 00:00:00', null);
INSERT INTO `employee` VALUES ('38', '张黎明2', '男', '1991-02-01', '610144199102014569', '已婚', '1', '广东', '6', 'zhangliming@qq.com', '18979994478', '广东珠海', '91', '15', '33', '劳动合同', '高中', '考古', '清华大学', '2018-01-01 00:00:00', '在职', '00000038', '7', '2018-04-01 00:00:00', null, '2018-01-01 00:00:00', '2025-01-30 00:00:00', null);
INSERT INTO `employee` VALUES ('39', '薛磊4', '男', '1992-07-01', '610144199207017895', '已婚', '1', '陕西西安', '13', 'xuelei@qq.com', '15648887741', '西安市雁塔区', '92', '14', '34', '劳动合同', '初中', '无', '华胥中学', '2018-01-01 00:00:00', '在职', '00000039', '6', '2018-04-01 00:00:00', null, '2018-01-01 00:00:00', '2024-01-17 00:00:00', null);
INSERT INTO `employee` VALUES ('40', '张洁4', '女', '1990-10-09', '420177199010093652', '未婚', '1', '海南', '5', 'zhangjie@qq.com', '13695557742', '海口市美兰区', '92', '16', '34', '劳动合同', '高中', '无', '海南侨中', '2018-01-01 00:00:00', '在职', '00000040', '1', '2018-01-31 00:00:00', null, '2018-01-01 00:00:00', '2019-01-01 00:00:00', null);
INSERT INTO `employee` VALUES ('41', '江南一点雨5', '男', '1990-01-01', '610122199001011256', '已婚', '1', '陕西', '13', 'laowang@qq.com', '18565558897', '深圳市南山区', '8', '9', '29', '劳动合同', '本科', '信息管理与信息系统', '深圳大学', '2018-01-01 00:00:00', '在职', '00000041', '1', '2018-04-01 00:00:00', null, '2018-01-01 00:00:00', '2019-01-01 00:00:00', null);
INSERT INTO `employee` VALUES ('42', '陈静5', '女', '1989-02-01', '421288198902011234', '已婚', '1', '海南', '1', 'chenjing@qq.com', '18795556693', '海南省海口市美兰区', '82', '12', '30', '劳动合同', '高中', '市场营销', '武汉大学', '2015-06-09 00:00:00', '在职', '00000042', '3', '2015-09-10 00:00:00', null, '2015-06-09 00:00:00', '2018-06-08 00:00:00', null);
INSERT INTO `employee` VALUES ('43', '赵琳浩5', '男', '1993-03-04', '610122199303041456', '未婚', '1', '陕西', '3', 'zhao@qq.com', '15698887795', '陕西省西安市莲湖区', '91', '12', '33', '劳动合同', '博士', '电子工程', '哈尔滨理工大学', '2018-01-01 00:00:00', '在职', '00000043', '3.5', '2018-04-01 00:00:00', null, '2018-01-01 00:00:00', '2021-07-14 00:00:00', null);
INSERT INTO `employee` VALUES ('44', '鹿存亮5', '男', '1990-01-03', '610122199001031456', '已婚', '1', '陕西', '3', 'zhao@qq.com', '15612347795', '陕西省西安市莲湖区', '92', '12', '34', '劳动合同', '高中', '电子工程', '哈尔滨理工大学', '2018-01-01 00:00:00', '在职', '00000044', '3.5', '2018-04-01 00:00:00', null, '2018-01-01 00:00:00', '2021-07-14 00:00:00', null);
INSERT INTO `employee` VALUES ('45', '姚森5', '男', '1991-02-05', '610122199102058952', '已婚', '1', '河南', '3', 'yaosen@qq.com', '14785559936', '河南洛阳人民大道58号', '92', '15', '34', '劳动合同', '初中', '室内装修设计', '西北大学', '2017-01-02 00:00:00', '在职', '00000045', '7', '2017-04-02 00:00:00', null, '2017-01-02 00:00:00', '2024-01-17 00:00:00', null);
INSERT INTO `employee` VALUES ('46', '云星5', '女', '1993-01-05', '610122199301054789', '已婚', '1', '陕西西安', '1', 'yunxing@qq.com', '15644442252', '陕西西安新城区', '92', '16', '34', '劳务合同', '硕士', '通信工程', '西安电子科技学校', '2018-01-01 00:00:00', '在职', '00000046', '5.25', '2018-04-01 00:00:00', null, '2018-01-01 00:00:00', '2023-04-13 00:00:00', null);
INSERT INTO `employee` VALUES ('47', '贾旭明5', '男', '1993-11-11', '610122199311111234', '已婚', '1', '广东广州', '4', 'jiaxuming@qq.com', '15644441234', '广东省广州市天河区冼村路', '78', '15', '33', '劳务合同', '初中', '通信工程', '西北大学', '2018-01-01 00:00:00', '在职', '00000047', '5.25', '2018-04-01 00:00:00', null, '2018-01-01 00:00:00', '2023-04-13 00:00:00', null);
INSERT INTO `employee` VALUES ('48', '张黎明5', '男', '1991-02-01', '610144199102014569', '已婚', '1', '广东', '6', 'zhangliming@qq.com', '18979994478', '广东珠海', '91', '15', '33', '劳动合同', '高中', '考古', '清华大学', '2018-01-01 00:00:00', '在职', '00000048', '7', '2018-04-01 00:00:00', null, '2018-01-01 00:00:00', '2025-01-30 00:00:00', null);
INSERT INTO `employee` VALUES ('49', '薛磊5', '男', '1992-07-01', '610144199207017895', '已婚', '1', '陕西西安', '13', 'xuelei@qq.com', '15648887741', '西安市雁塔区', '92', '14', '34', '劳动合同', '初中', '无', '华胥中学', '2018-01-01 00:00:00', '在职', '00000049', '6', '2018-04-01 00:00:00', null, '2018-01-01 00:00:00', '2024-01-17 00:00:00', null);
INSERT INTO `employee` VALUES ('50', '张洁5', '女', '1990-10-09', '420177199010093652', '未婚', '1', '海南', '5', 'zhangjie@qq.com', '13695557742', '海口市美兰区', '92', '16', '34', '劳动合同', '高中', '无', '海南侨中', '2018-01-01 00:00:00', '在职', '00000050', '1', '2018-01-31 00:00:00', null, '2018-01-01 00:00:00', '2019-01-01 00:00:00', null);
INSERT INTO `employee` VALUES ('51', '江南一点雨6', '男', '1990-01-01', '610122199001011256', '已婚', '1', '陕西', '13', 'laowang@qq.com', '18565558897', '深圳市南山区', '8', '9', '29', '劳动合同', '本科', '信息管理与信息系统', '深圳大学', '2018-01-01 00:00:00', '在职', '00000051', '1', '2018-04-01 00:00:00', null, '2018-01-01 00:00:00', '2019-01-01 00:00:00', null);
INSERT INTO `employee` VALUES ('52', '陈静6', '女', '1989-02-01', '421288198902011234', '已婚', '1', '海南', '1', 'chenjing@qq.com', '18795556693', '海南省海口市美兰区', '82', '12', '30', '劳动合同', '高中', '市场营销', '武汉大学', '2015-06-09 00:00:00', '在职', '00000052', '3', '2015-09-10 00:00:00', null, '2015-06-09 00:00:00', '2018-06-08 00:00:00', null);
INSERT INTO `employee` VALUES ('53', '赵琳浩6', '男', '1993-03-04', '610122199303041456', '未婚', '1', '陕西', '3', 'zhao@qq.com', '15698887795', '陕西省西安市莲湖区', '91', '12', '33', '劳动合同', '博士', '电子工程', '哈尔滨理工大学', '2018-01-01 00:00:00', '在职', '00000053', '3.5', '2018-04-01 00:00:00', null, '2018-01-01 00:00:00', '2021-07-14 00:00:00', null);
INSERT INTO `employee` VALUES ('54', '鹿存亮6', '男', '1990-01-03', '610122199001031456', '已婚', '1', '陕西', '3', 'zhao@qq.com', '15612347795', '陕西省西安市莲湖区', '92', '12', '34', '劳动合同', '高中', '电子工程', '哈尔滨理工大学', '2018-01-01 00:00:00', '在职', '00000054', '3.5', '2018-04-01 00:00:00', null, '2018-01-01 00:00:00', '2021-07-14 00:00:00', null);
INSERT INTO `employee` VALUES ('55', '姚森6', '男', '1991-02-05', '610122199102058952', '已婚', '1', '河南', '3', 'yaosen@qq.com', '14785559936', '河南洛阳人民大道58号', '92', '15', '34', '劳动合同', '初中', '室内装修设计', '西北大学', '2017-01-02 00:00:00', '在职', '00000055', '7', '2017-04-02 00:00:00', null, '2017-01-02 00:00:00', '2024-01-17 00:00:00', null);
INSERT INTO `employee` VALUES ('56', '云星6', '女', '1993-01-05', '610122199301054789', '已婚', '1', '陕西西安', '1', 'yunxing@qq.com', '15644442252', '陕西西安新城区', '92', '16', '34', '劳务合同', '硕士', '通信工程', '西安电子科技学校', '2018-01-01 00:00:00', '在职', '00000056', '5.25', '2018-04-01 00:00:00', null, '2018-01-01 00:00:00', '2023-04-13 00:00:00', null);
INSERT INTO `employee` VALUES ('1351', '江南一点雨', '男', '1990-01-01', '610122199001011256', '已婚', '1', '陕西', '13', 'laowang@qq.com', '18565558897', '深圳市南山区', '8', '9', '29', '劳动合同', '本科', '信息管理与信息系统', '深圳大学', '2018-01-01 00:00:00', '在职', '00000001', '1', null, null, '2018-01-01 00:00:00', '2019-01-01 00:00:00', null);
INSERT INTO `employee` VALUES ('1352', '陈静', '女', '1989-02-01', '421288198902011234', '已婚', '1', '海南', '1', 'chenjing@qq.com', '18795556693', '海南省海口市美兰区', '82', '12', '30', '劳动合同', '高中', '市场营销', '武汉大学', '2015-06-09 00:00:00', '在职', '00000002', '3', null, null, '2015-06-09 00:00:00', '2018-06-08 00:00:00', null);
INSERT INTO `employee` VALUES ('1353', '赵琳浩', '男', '1993-03-04', '610122199303041456', '未婚', '1', '陕西', '3', 'zhao@qq.com', '15698887795', '陕西省西安市莲湖区', '91', '12', '33', '劳动合同', '博士', '电子工程', '哈尔滨理工大学', '2018-01-01 00:00:00', '在职', '00000003', '3.5', null, null, '2018-01-01 00:00:00', '2021-07-14 00:00:00', null);
INSERT INTO `employee` VALUES ('1354', '鹿存亮', '男', '1990-01-03', '610122199001031456', '已婚', '1', '陕西', '3', 'zhao@qq.com', '15612347795', '陕西省西安市莲湖区', '92', '12', '34', '劳动合同', '高中', '电子工程', '哈尔滨理工大学', '2018-01-01 00:00:00', '在职', '00000004', '3.5', null, null, '2018-01-01 00:00:00', '2021-07-14 00:00:00', null);
INSERT INTO `employee` VALUES ('1355', '姚森', '男', '1991-02-05', '610122199102058952', '已婚', '1', '河南', '3', 'yaosen@qq.com', '14785559936', '河南洛阳人民大道58号', '92', '15', '34', '劳动合同', '初中', '室内装修设计', '西北大学', '2017-01-02 00:00:00', '在职', '00000005', '7', null, null, '2017-01-02 00:00:00', '2024-01-17 00:00:00', null);
INSERT INTO `employee` VALUES ('1357', '贾旭明', '男', '1993-11-11', '610122199311111234', '已婚', '1', '广东广州', '4', 'jiaxuming@qq.com', '15644441234', '广东省广州市天河区冼村路', '78', '15', '33', '劳务合同', '初中', '通信工程', '西北大学', '2018-01-01 00:00:00', '在职', '00000007', '5.25', null, null, '2018-01-01 00:00:00', '2023-04-13 00:00:00', null);
INSERT INTO `employee` VALUES ('1358', '张黎明', '男', '1991-02-01', '610144199102014569', '已婚', '1', '广东', '6', 'zhangliming@qq.com', '18979994478', '广东珠海', '91', '15', '33', '劳动合同', '高中', '考古', '清华大学', '2018-01-01 00:00:00', '在职', '00000008', '7', null, null, '2018-01-01 00:00:00', '2025-01-30 00:00:00', null);
INSERT INTO `employee` VALUES ('1359', '薛磊', '男', '1992-07-01', '610144199207017895', '已婚', '1', '陕西西安', '13', 'xuelei@qq.com', '15648887741', '西安市雁塔区', '92', '14', '34', '劳动合同', '初中', '无', '华胥中学', '2018-01-01 00:00:00', '在职', '00000009', '6', null, null, '2018-01-01 00:00:00', '2024-01-17 00:00:00', null);
INSERT INTO `employee` VALUES ('1360', '张洁', '女', '1990-10-09', '420177199010093652', '未婚', '1', '海南', '5', 'zhangjie@qq.com', '13695557742', '海口市美兰区', '92', '16', '34', '劳动合同', '高中', '无', '海南侨中', '2018-01-01 00:00:00', '在职', '00000010', '1', null, null, '2018-01-01 00:00:00', '2019-01-01 00:00:00', null);
INSERT INTO `employee` VALUES ('1361', '江南一点雨2', '男', '1990-01-01', '610122199001011256', '已婚', '1', '陕西', '13', 'laowang@qq.com', '18565558897', '深圳市南山区', '8', '9', '29', '劳动合同', '本科', '信息管理与信息系统', '深圳大学', '2018-01-01 00:00:00', '在职', '00000011', '1', null, null, '2018-01-01 00:00:00', '2019-01-01 00:00:00', null);
INSERT INTO `employee` VALUES ('1362', '陈静2', '女', '1989-02-01', '421288198902011234', '已婚', '1', '海南', '1', 'chenjing@qq.com', '18795556693', '海南省海口市美兰区', '82', '12', '30', '劳动合同', '高中', '市场营销', '武汉大学', '2015-06-09 00:00:00', '在职', '00000012', '3', null, null, '2015-06-09 00:00:00', '2018-06-08 00:00:00', null);
INSERT INTO `employee` VALUES ('1363', '赵琳浩2', '男', '1993-03-04', '610122199303041456', '未婚', '1', '陕西', '3', 'zhao@qq.com', '15698887795', '陕西省西安市莲湖区', '91', '12', '33', '劳动合同', '博士', '电子工程', '哈尔滨理工大学', '2018-01-01 00:00:00', '在职', '00000013', '3.5', null, null, '2018-01-01 00:00:00', '2021-07-14 00:00:00', null);
INSERT INTO `employee` VALUES ('1364', '鹿存亮2', '男', '1990-01-03', '610122199001031456', '已婚', '1', '陕西', '3', 'zhao@qq.com', '15612347795', '陕西省西安市莲湖区', '92', '12', '34', '劳动合同', '高中', '电子工程', '哈尔滨理工大学', '2018-01-01 00:00:00', '在职', '00000014', '3.5', null, null, '2018-01-01 00:00:00', '2021-07-14 00:00:00', null);
INSERT INTO `employee` VALUES ('1365', '姚森2', '男', '1991-02-05', '610122199102058952', '已婚', '1', '河南', '3', 'yaosen@qq.com', '14785559936', '河南洛阳人民大道58号', '92', '15', '34', '劳动合同', '初中', '室内装修设计', '西北大学', '2017-01-02 00:00:00', '在职', '00000015', '7', null, null, '2017-01-02 00:00:00', '2024-01-17 00:00:00', null);
INSERT INTO `employee` VALUES ('1366', '云星2', '女', '1993-01-05', '610122199301054789', '已婚', '1', '陕西西安', '1', 'yunxing@qq.com', '15644442252', '陕西西安新城区', '92', '16', '34', '劳务合同', '硕士', '通信工程', '西安电子科技学校', '2018-01-01 00:00:00', '在职', '00000016', '5.25', null, null, '2018-01-01 00:00:00', '2023-04-13 00:00:00', null);
INSERT INTO `employee` VALUES ('1367', '贾旭明2', '男', '1993-11-11', '610122199311111234', '已婚', '1', '广东广州', '4', 'jiaxuming@qq.com', '15644441234', '广东省广州市天河区冼村路', '78', '15', '33', '劳务合同', '初中', '通信工程', '西北大学', '2018-01-01 00:00:00', '在职', '00000017', '5.25', null, null, '2018-01-01 00:00:00', '2023-04-13 00:00:00', null);
INSERT INTO `employee` VALUES ('1368', '王一亭', '男', '1991-02-01', '610144199102014569', '已婚', '1', '广东', '6', 'zhangliming@qq.com', '18979994478', '广东珠海', '91', '15', '33', '劳动合同', '高中', '考古', '清华大学', '2018-01-01 00:00:00', '在职', '00000018', '7', null, null, '2018-01-01 00:00:00', '2025-01-30 00:00:00', null);
INSERT INTO `employee` VALUES ('1369', '薛磊2', '男', '1992-07-01', '610144199207017895', '已婚', '1', '陕西西安', '13', 'xuelei@qq.com', '15648887741', '西安市雁塔区', '92', '14', '34', '劳动合同', '初中', '无', '华胥中学', '2018-01-01 00:00:00', '在职', '00000019', '1', null, null, '2018-01-01 00:00:00', '2019-01-01 00:00:00', null);
INSERT INTO `employee` VALUES ('1370', '张洁2', '女', '1990-10-09', '420177199010093652', '未婚', '1', '海南', '5', 'zhangjie@qq.com', '13695557742', '海口市美兰区', '92', '16', '34', '劳动合同', '高中', '无', '海南侨中', '2018-01-01 00:00:00', '在职', '00000020', '1', null, null, '2018-01-01 00:00:00', '2019-01-01 00:00:00', null);
INSERT INTO `employee` VALUES ('1371', '江南一点雨3', '男', '1990-01-01', '610122199001011256', '已婚', '1', '陕西', '13', 'laowang@qq.com', '18565558897', '深圳市南山区', '8', '9', '29', '劳动合同', '本科', '信息管理与信息系统', '深圳大学', '2018-01-01 00:00:00', '在职', '00000021', '1', null, null, '2018-01-01 00:00:00', '2019-01-01 00:00:00', null);
INSERT INTO `employee` VALUES ('1372', '陈静3', '女', '1989-02-01', '421288198902011234', '已婚', '1', '海南', '1', 'chenjing@qq.com', '18795556693', '海南省海口市美兰区', '82', '12', '30', '劳动合同', '高中', '市场营销', '武汉大学', '2015-06-09 00:00:00', '在职', '00000022', '3', null, null, '2015-06-09 00:00:00', '2018-06-08 00:00:00', null);
INSERT INTO `employee` VALUES ('1373', '鹿存亮3', '男', '1990-01-03', '610122199001031456', '已婚', '1', '陕西', '3', 'zhao@qq.com', '15612347795', '陕西省西安市莲湖区', '92', '12', '34', '劳动合同', '高中', '电子工程', '哈尔滨理工大学', '2018-01-01 00:00:00', '在职', '00000024', '3.5', null, null, '2018-01-01 00:00:00', '2021-07-14 00:00:00', null);
INSERT INTO `employee` VALUES ('1374', '姚森3', '男', '1991-02-05', '610122199102058952', '已婚', '1', '河南', '3', 'yaosen@qq.com', '14785559936', '河南洛阳人民大道58号', '92', '15', '34', '劳动合同', '初中', '室内装修设计', '西北大学', '2017-01-02 00:00:00', '在职', '00000025', '7', null, null, '2017-01-02 00:00:00', '2024-01-17 00:00:00', null);
INSERT INTO `employee` VALUES ('1375', '云星3', '女', '1993-01-05', '610122199301054789', '已婚', '1', '陕西西安', '1', 'yunxing@qq.com', '15644442252', '陕西西安新城区', '92', '16', '34', '劳务合同', '硕士', '通信工程', '西安电子科技学校', '2018-01-01 00:00:00', '在职', '00000026', '5.25', null, null, '2018-01-01 00:00:00', '2023-04-13 00:00:00', null);
INSERT INTO `employee` VALUES ('1376', '贾旭明3', '男', '1993-11-11', '610122199311111234', '已婚', '1', '广东广州', '4', 'jiaxuming@qq.com', '15644441234', '广东省广州市天河区冼村路', '78', '15', '33', '劳务合同', '初中', '通信工程', '西北大学', '2018-01-01 00:00:00', '在职', '00000027', '5.25', null, null, '2018-01-01 00:00:00', '2023-04-13 00:00:00', null);
INSERT INTO `employee` VALUES ('1377', '张黎明3', '男', '1991-02-01', '610144199102014569', '已婚', '1', '广东', '6', 'zhangliming@qq.com', '18979994478', '广东珠海', '91', '15', '33', '劳动合同', '高中', '考古', '清华大学', '2018-01-01 00:00:00', '在职', '00000028', '7', null, null, '2018-01-01 00:00:00', '2025-01-30 00:00:00', null);
INSERT INTO `employee` VALUES ('1378', '薛磊3', '男', '1992-07-01', '610144199207017895', '已婚', '1', '陕西西安', '13', 'xuelei@qq.com', '15648887741', '西安市雁塔区', '92', '14', '34', '劳动合同', '初中', '无', '华胥中学', '2018-01-01 00:00:00', '在职', '00000029', '6', null, null, '2018-01-01 00:00:00', '2024-01-17 00:00:00', null);
INSERT INTO `employee` VALUES ('1379', '江南一点雨4', '男', '1990-01-01', '610122199001011256', '已婚', '1', '陕西', '13', 'laowang@qq.com', '18565558897', '深圳市南山区', '8', '9', '29', '劳动合同', '本科', '信息管理与信息系统', '深圳大学', '2018-01-01 00:00:00', '在职', '00000031', '1', null, null, '2018-01-01 00:00:00', '2019-01-01 00:00:00', null);
INSERT INTO `employee` VALUES ('1380', '陈静4', '女', '1989-02-01', '421288198902011234', '已婚', '1', '海南', '1', 'chenjing@qq.com', '18795556693', '海南省海口市美兰区', '82', '12', '30', '劳动合同', '高中', '市场营销', '武汉大学', '2015-06-09 00:00:00', '在职', '00000032', '3', null, null, '2015-06-09 00:00:00', '2018-06-08 00:00:00', null);
INSERT INTO `employee` VALUES ('1381', '赵琳浩4', '男', '1993-03-04', '610122199303041456', '未婚', '1', '陕西', '3', 'zhao@qq.com', '15698887795', '陕西省西安市莲湖区', '91', '12', '33', '劳动合同', '博士', '电子工程', '哈尔滨理工大学', '2018-01-01 00:00:00', '在职', '00000033', '3.5', null, null, '2018-01-01 00:00:00', '2021-07-14 00:00:00', null);
INSERT INTO `employee` VALUES ('1382', '鹿存亮4', '男', '1990-01-03', '610122199001031456', '已婚', '1', '陕西', '3', 'zhao@qq.com', '15612347795', '陕西省西安市莲湖区', '92', '12', '34', '劳动合同', '高中', '电子工程', '哈尔滨理工大学', '2018-01-01 00:00:00', '在职', '00000034', '3.5', null, null, '2018-01-01 00:00:00', '2021-07-14 00:00:00', null);
INSERT INTO `employee` VALUES ('1383', '姚森4', '男', '1991-02-05', '610122199102058952', '已婚', '1', '河南', '3', 'yaosen@qq.com', '14785559936', '河南洛阳人民大道58号', '92', '15', '34', '劳动合同', '初中', '室内装修设计', '西北大学', '2017-01-02 00:00:00', '在职', '00000035', '7', null, null, '2017-01-02 00:00:00', '2024-01-17 00:00:00', null);
INSERT INTO `employee` VALUES ('1384', '云星4', '女', '1993-01-05', '610122199301054789', '已婚', '1', '陕西西安', '1', 'yunxing@qq.com', '15644442252', '陕西西安新城区', '92', '16', '34', '劳务合同', '硕士', '通信工程', '西安电子科技学校', '2018-01-01 00:00:00', '在职', '00000036', '5.25', null, null, '2018-01-01 00:00:00', '2023-04-13 00:00:00', null);
INSERT INTO `employee` VALUES ('1385', '贾旭明4', '男', '1993-11-11', '610122199311111234', '已婚', '1', '广东广州', '4', 'jiaxuming@qq.com', '15644441234', '广东省广州市天河区冼村路', '78', '15', '33', '劳务合同', '初中', '通信工程', '西北大学', '2018-01-01 00:00:00', '在职', '00000037', '5.25', null, null, '2018-01-01 00:00:00', '2023-04-13 00:00:00', null);
INSERT INTO `employee` VALUES ('1411', '谢工', '女', '1970-01-01', '618177197001011234', '离异', '1', '江苏', '1', '584991843@qq.com', '18558887788', '北京', '91', '12', '29', '劳动合同', '本科', '计算机软件', '南华大学', '2018-01-01 00:00:00', '在职', '00000038', '5', '2019-01-01 00:00:00', null, '2018-01-01 00:00:00', '2023-01-01 00:00:00', null);
INSERT INTO `employee` VALUES ('1412', '林昭亮', '男', '1990-01-01', '610122199809091234', '已婚', '1', '广东', '13', '584991843@qq.com', '16767776654', '广东深圳', '91', '15', '33', '劳动合同', '大专', '计算机软件', '广东职业技术学院', '2018-01-01 00:00:00', '在职', '00000039', '5', '2018-04-01 00:00:00', null, '2018-01-01 00:00:00', '2023-01-01 00:00:00', null);
INSERT INTO `employee` VALUES ('1413', '11', '男', '2018-01-01', '610122201801011234', '已婚', '1', '1', '1', '584991843@qq.com', '111', '1', '89', '9', '29', '劳动合同', '本科', '1', '1', '2018-01-01 00:00:00', '在职', '00000040', '4', '2018-04-01 00:00:00', null, '2018-01-01 00:00:00', '2022-01-26 00:00:00', null);
INSERT INTO `employee` VALUES ('1414', '1', '男', '2018-01-01', '610188199809091234', '已婚', '1', '1', '1', '584991843@qq.com', '1', '1', '89', '9', '29', '劳动合同', '大专', '1', '1', '2018-01-31 00:00:00', '在职', '00000041', '1', '2018-01-31 00:00:00', null, '2018-01-31 00:00:00', '2019-01-31 00:00:00', null);
INSERT INTO `employee` VALUES ('1415', '1', '男', '2018-01-01', '610122199909090000', '已婚', '1', '1', '1', '584991843@qq.com', '1', '1', '78', '9', '29', '劳动合同', '大专', '1', '1', '2018-01-31 00:00:00', '在职', '00000042', '1', '2018-01-31 00:00:00', null, '2018-01-31 00:00:00', '2019-01-31 00:00:00', null);
INSERT INTO `employee` VALUES ('1416', '1', '男', '2018-01-01', '610122199909090000', '已婚', '1', '1', '1', '584991843@qq.com', '1', '1', '81', '9', '29', '劳动合同', '大专', '1', '1', '2018-01-31 00:00:00', '在职', '00000043', '0', '2018-01-31 00:00:00', null, '2018-01-31 00:00:00', '2018-01-31 00:00:00', null);
INSERT INTO `employee` VALUES ('1417', '1', '男', '2018-01-01', '610122199909099999', '已婚', '1', '1', '1', '584991843@qq.com', '1', '1', '87', '9', '29', '劳动合同', '大专', '1', '1', '2018-01-01 00:00:00', '在职', '00000044', '0', '2018-01-01 00:00:00', null, '2018-01-01 00:00:00', '2018-01-31 00:00:00', null);
INSERT INTO `employee` VALUES ('1418', '1', '男', '2018-01-01', '610122199909099999', '已婚', '1', '1', '1', '584991843@qq.com', '1', '1', '78', '9', '29', '劳动合同', '大专', '1', '1', '2018-01-01 00:00:00', '在职', '00000045', '0', '2018-01-01 00:00:00', null, '2018-01-01 00:00:00', '2018-01-31 00:00:00', null);
INSERT INTO `employee` VALUES ('1419', '林伯渠', '男', '2018-01-01', '610122199909099999', '未婚', '1', '1', '1', '584991843@qq.com', '1', '1', '8', '9', '29', '劳动合同', '大专', '1', '1', '2018-01-31 00:00:00', '在职', '00000046', '0', '2018-01-31 00:00:00', null, '2018-01-31 00:00:00', '2018-01-31 00:00:00', null);
INSERT INTO `employee` VALUES ('1420', '1', '男', '2018-01-01', '610122199909091234', '已婚', '1', '1', '1', '584991843@qq.com', '1', '1', '8', '9', '29', '劳动合同', '大专', '1', '1', '2018-01-31 00:00:00', '在职', '00000047', '0', '2018-01-31 00:00:00', null, '2018-01-31 00:00:00', '2018-01-31 00:00:00', null);
INSERT INTO `employee` VALUES ('1421', '江南一点雨', '男', '1990-01-01', '610122199001011256', '已婚', '1', '陕西', '13', 'laowang@qq.com', '18565558897', '深圳市南山区', '5', '9', '29', '劳务合同', '本科', '信息管理与信息系统', '深圳大学', '2018-01-01 00:00:00', '在职', '00000001', '2', null, null, '2018-01-01 00:00:00', '2020-01-01 00:00:00', null);
INSERT INTO `employee` VALUES ('1422', '陈静', '女', '1989-02-01', '421288198902011234', '已婚', '1', '海南', '1', 'chenjing@qq.com', '18795556693', '海南省海口市美兰区', '8', '12', '30', '劳动合同', '高中', '市场营销', '武汉大学', '2015-06-09 00:00:00', '在职', '00000002', '3', null, null, '2015-06-09 00:00:00', '2018-06-08 00:00:00', null);
INSERT INTO `employee` VALUES ('1423', '赵琳浩', '男', '1993-03-04', '610122199303041456', '未婚', '1', '陕西', '3', 'zhao@qq.com', '15698887795', '陕西省西安市莲湖区', '91', '12', '33', '劳动合同', '博士', '电子工程', '哈尔滨理工大学', '2018-01-01 00:00:00', '在职', '00000003', '3.5', null, null, '2018-01-01 00:00:00', '2021-07-14 00:00:00', null);
INSERT INTO `employee` VALUES ('1424', '鹿存亮', '男', '1990-01-03', '610122199001031456', '已婚', '1', '陕西', '3', 'zhao@qq.com', '15612347795', '陕西省西安市莲湖区', '92', '12', '34', '劳动合同', '高中', '电子工程', '哈尔滨理工大学', '2018-01-01 00:00:00', '在职', '00000004', '3.5', null, null, '2018-01-01 00:00:00', '2021-07-14 00:00:00', null);
INSERT INTO `employee` VALUES ('1425', '姚森', '男', '1991-02-05', '610122199102058952', '已婚', '1', '河南', '3', 'yaosen@qq.com', '14785559936', '河南洛阳人民大道58号', '92', '15', '34', '劳动合同', '硕士', '室内装修设计', '西北大学', '2017-01-02 00:00:00', '在职', '00000005', '7', null, null, '2017-01-02 00:00:00', '2024-01-17 00:00:00', null);
INSERT INTO `employee` VALUES ('1426', '云星', '女', '1993-01-05', '610122199301054789', '已婚', '1', '陕西西安', '1', 'yunxing@qq.com', '15644442252', '陕西西安新城区', '92', '16', '34', '劳务合同', '硕士', '通信工程', '西安电子科技学校', '2018-01-01 00:00:00', '在职', '00000006', '5.25', null, null, '2018-01-01 00:00:00', '2023-04-13 00:00:00', null);
INSERT INTO `employee` VALUES ('1427', '贾旭明', '男', '1993-11-11', '610122199311111234', '已婚', '1', '广东广州', '4', 'jiaxuming@qq.com', '15644441234', '广东省广州市天河区冼村路', '78', '15', '33', '劳务合同', '初中', '通信工程', '西北大学', '2018-01-01 00:00:00', '在职', '00000007', '5.25', null, null, '2018-01-01 00:00:00', '2023-04-13 00:00:00', null);
INSERT INTO `employee` VALUES ('1428', '张黎明', '男', '1991-02-01', '610144199102014569', '已婚', '1', '广东', '6', 'zhangliming@qq.com', '18979994478', '广东珠海', '91', '15', '33', '劳动合同', '高中', '考古', '清华大学', '2018-01-01 00:00:00', '在职', '00000008', '7', null, null, '2018-01-01 00:00:00', '2025-01-30 00:00:00', null);
INSERT INTO `employee` VALUES ('1429', '薛磊', '男', '1992-07-01', '610144199207017895', '已婚', '1', '陕西西安', '13', 'xuelei@qq.com', '15648887741', '西安市雁塔区', '92', '14', '34', '劳动合同', '初中', '无', '华胥中学', '2018-01-01 00:00:00', '在职', '00000009', '6', null, null, '2018-01-01 00:00:00', '2024-01-17 00:00:00', null);
INSERT INTO `employee` VALUES ('1430', '张洁', '女', '1990-10-09', '420177199010093652', '未婚', '1', '海南', '5', 'zhangjie@qq.com', '13695557742', '海口市美兰区', '92', '16', '34', '劳动合同', '高中', '无', '海南侨中', '2018-01-01 00:00:00', '在职', '00000010', '1', null, null, '2018-01-01 00:00:00', '2019-01-01 00:00:00', null);
INSERT INTO `employee` VALUES ('1431', '江南一点雨2', '男', '1990-01-01', '610122199001011256', '已婚', '1', '陕西', '13', 'laowang@qq.com', '18565558897', '深圳市南山区', '91', '9', '29', '劳动合同', '本科', '信息管理与信息系统', '深圳大学', '2018-01-01 00:00:00', '在职', '00000011', '1', null, null, '2018-01-01 00:00:00', '2019-01-01 00:00:00', null);
INSERT INTO `employee` VALUES ('1432', '陈静2', '女', '1989-02-01', '421288198902011234', '已婚', '1', '海南', '1', 'chenjing@qq.com', '18795556693', '海南省海口市美兰区', '82', '12', '30', '劳动合同', '高中', '市场营销', '武汉大学', '2015-06-09 00:00:00', '在职', '00000012', '3', null, null, '2015-06-09 00:00:00', '2018-06-08 00:00:00', null);
INSERT INTO `employee` VALUES ('1433', '赵琳浩2', '男', '1993-03-04', '610122199303041456', '未婚', '1', '陕西', '3', 'zhao@qq.com', '15698887795', '陕西省西安市莲湖区', '91', '12', '33', '劳动合同', '博士', '电子工程', '哈尔滨理工大学', '2018-01-01 00:00:00', '在职', '00000013', '3.5', null, null, '2018-01-01 00:00:00', '2021-07-14 00:00:00', null);
INSERT INTO `employee` VALUES ('1434', '鹿存亮2', '男', '1990-01-03', '610122199001031456', '已婚', '1', '陕西', '3', 'zhao@qq.com', '15612347795', '陕西省西安市莲湖区', '92', '12', '34', '劳动合同', '高中', '电子工程', '哈尔滨理工大学', '2018-01-01 00:00:00', '在职', '00000014', '3.5', null, null, '2018-01-01 00:00:00', '2021-07-14 00:00:00', null);
INSERT INTO `employee` VALUES ('1435', '姚森2', '男', '1991-02-05', '610122199102058952', '已婚', '1', '河南', '3', 'yaosen@qq.com', '14785559936', '河南洛阳人民大道58号', '92', '15', '34', '劳动合同', '初中', '室内装修设计', '西北大学', '2017-01-02 00:00:00', '在职', '00000015', '7', null, null, '2017-01-02 00:00:00', '2024-01-17 00:00:00', null);
INSERT INTO `employee` VALUES ('1436', '云星2', '女', '1993-01-05', '610122199301054789', '已婚', '1', '陕西西安', '1', 'yunxing@qq.com', '15644442252', '陕西西安新城区', '92', '16', '34', '劳务合同', '硕士', '通信工程', '西安电子科技学校', '2018-01-01 00:00:00', '在职', '00000016', '5.25', null, null, '2018-01-01 00:00:00', '2023-04-13 00:00:00', null);
INSERT INTO `employee` VALUES ('1437', '贾旭明2', '男', '1993-11-11', '610122199311111234', '已婚', '1', '广东广州', '4', 'jiaxuming@qq.com', '15644441234', '广东省广州市天河区冼村路', '78', '15', '33', '劳务合同', '初中', '通信工程', '西北大学', '2018-01-01 00:00:00', '在职', '00000017', '5.25', null, null, '2018-01-01 00:00:00', '2023-04-13 00:00:00', null);
INSERT INTO `employee` VALUES ('1438', '王一亭', '男', '1991-02-01', '610144199102014569', '已婚', '1', '广东', '6', 'zhangliming@qq.com', '18979994478', '广东珠海', '91', '15', '33', '劳动合同', '高中', '考古', '清华大学', '2018-01-01 00:00:00', '在职', '00000018', '7', null, null, '2018-01-01 00:00:00', '2025-01-30 00:00:00', null);
INSERT INTO `employee` VALUES ('1439', '薛磊2', '男', '1992-07-01', '610144199207017895', '已婚', '1', '陕西西安', '13', 'xuelei@qq.com', '15648887741', '西安市雁塔区', '92', '14', '34', '劳动合同', '初中', '无', '华胥中学', '2018-01-01 00:00:00', '在职', '00000019', '1', null, null, '2018-01-01 00:00:00', '2019-01-01 00:00:00', null);
INSERT INTO `employee` VALUES ('1440', '张洁2', '女', '1990-10-09', '420177199010093652', '未婚', '1', '海南', '5', 'zhangjie@qq.com', '13695557742', '海口市美兰区', '92', '16', '34', '劳动合同', '高中', '无', '海南侨中', '2018-01-01 00:00:00', '在职', '00000020', '1', null, null, '2018-01-01 00:00:00', '2019-01-01 00:00:00', null);
INSERT INTO `employee` VALUES ('1441', '江南一点雨3', '男', '1990-01-01', '610122199001011256', '已婚', '1', '陕西', '13', 'laowang@qq.com', '18565558897', '深圳市南山区', '8', '9', '29', '劳动合同', '本科', '信息管理与信息系统', '深圳大学', '2018-01-01 00:00:00', '在职', '00000021', '1', null, null, '2018-01-01 00:00:00', '2019-01-01 00:00:00', null);
INSERT INTO `employee` VALUES ('1442', '陈静3', '女', '1989-02-01', '421288198902011234', '已婚', '1', '海南', '1', 'chenjing@qq.com', '18795556693', '海南省海口市美兰区', '82', '12', '30', '劳动合同', '高中', '市场营销', '武汉大学', '2015-06-09 00:00:00', '在职', '00000022', '3', null, null, '2015-06-09 00:00:00', '2018-06-08 00:00:00', null);
INSERT INTO `employee` VALUES ('1443', '鹿存亮3', '男', '1990-01-03', '610122199001031456', '已婚', '1', '陕西', '3', 'zhao@qq.com', '15612347795', '陕西省西安市莲湖区', '92', '12', '34', '劳动合同', '高中', '电子工程', '哈尔滨理工大学', '2018-01-01 00:00:00', '在职', '00000024', '3.5', null, null, '2018-01-01 00:00:00', '2021-07-14 00:00:00', null);
INSERT INTO `employee` VALUES ('1444', '姚森3', '男', '1991-02-05', '610122199102058952', '已婚', '1', '河南', '3', 'yaosen@qq.com', '14785559936', '河南洛阳人民大道58号', '92', '15', '34', '劳动合同', '初中', '室内装修设计', '西北大学', '2017-01-02 00:00:00', '在职', '00000025', '7', null, null, '2017-01-02 00:00:00', '2024-01-17 00:00:00', null);
INSERT INTO `employee` VALUES ('1445', '云星3', '女', '1993-01-05', '610122199301054789', '已婚', '1', '陕西西安', '1', 'yunxing@qq.com', '15644442252', '陕西西安新城区', '92', '16', '34', '劳务合同', '硕士', '通信工程', '西安电子科技学校', '2018-01-01 00:00:00', '在职', '00000026', '5.25', null, null, '2018-01-01 00:00:00', '2023-04-13 00:00:00', null);
INSERT INTO `employee` VALUES ('1446', '贾旭明3', '男', '1993-11-11', '610122199311111234', '已婚', '1', '广东广州', '4', 'jiaxuming@qq.com', '15644441234', '广东省广州市天河区冼村路', '78', '15', '33', '劳务合同', '初中', '通信工程', '西北大学', '2018-01-01 00:00:00', '在职', '00000027', '5.25', null, null, '2018-01-01 00:00:00', '2023-04-13 00:00:00', null);
INSERT INTO `employee` VALUES ('1447', '张黎明3', '男', '1991-02-01', '610144199102014569', '已婚', '1', '广东', '6', 'zhangliming@qq.com', '18979994478', '广东珠海', '91', '15', '33', '劳动合同', '高中', '考古', '清华大学', '2018-01-01 00:00:00', '在职', '00000028', '7', null, null, '2018-01-01 00:00:00', '2025-01-30 00:00:00', null);
INSERT INTO `employee` VALUES ('1448', '薛磊3', '男', '1992-07-01', '610144199207017895', '已婚', '1', '陕西西安', '13', 'xuelei@qq.com', '15648887741', '西安市雁塔区', '92', '14', '34', '劳动合同', '初中', '无', '华胥中学', '2018-01-01 00:00:00', '在职', '00000029', '6', null, null, '2018-01-01 00:00:00', '2024-01-17 00:00:00', null);
INSERT INTO `employee` VALUES ('1449', '江南一点雨4', '男', '1990-01-01', '610122199001011256', '已婚', '1', '陕西', '13', 'laowang@qq.com', '18565558897', '深圳市南山区', '8', '9', '29', '劳动合同', '本科', '信息管理与信息系统', '深圳大学', '2018-01-01 00:00:00', '在职', '00000031', '1', null, null, '2018-01-01 00:00:00', '2019-01-01 00:00:00', null);
INSERT INTO `employee` VALUES ('1450', '陈静4', '女', '1989-02-01', '421288198902011234', '已婚', '1', '海南', '1', 'chenjing@qq.com', '18795556693', '海南省海口市美兰区', '82', '12', '30', '劳动合同', '高中', '市场营销', '武汉大学', '2015-06-09 00:00:00', '在职', '00000032', '3', null, null, '2015-06-09 00:00:00', '2018-06-08 00:00:00', null);
INSERT INTO `employee` VALUES ('1451', '赵琳浩4', '男', '1993-03-04', '610122199303041456', '未婚', '1', '陕西', '3', 'zhao@qq.com', '15698887795', '陕西省西安市莲湖区', '91', '12', '33', '劳动合同', '博士', '电子工程', '哈尔滨理工大学', '2018-01-01 00:00:00', '在职', '00000033', '3.5', null, null, '2018-01-01 00:00:00', '2021-07-14 00:00:00', null);
INSERT INTO `employee` VALUES ('1452', '鹿存亮4', '男', '1990-01-03', '610122199001031456', '已婚', '1', '陕西', '3', 'zhao@qq.com', '15612347795', '陕西省西安市莲湖区', '92', '12', '34', '劳动合同', '高中', '电子工程', '哈尔滨理工大学', '2018-01-01 00:00:00', '在职', '00000034', '3.5', null, null, '2018-01-01 00:00:00', '2021-07-14 00:00:00', null);
INSERT INTO `employee` VALUES ('1453', '姚森4', '男', '1991-02-05', '610122199102058952', '已婚', '1', '河南', '3', 'yaosen@qq.com', '14785559936', '河南洛阳人民大道58号', '92', '15', '34', '劳动合同', '初中', '室内装修设计', '西北大学', '2017-01-02 00:00:00', '在职', '00000035', '7', null, null, '2017-01-02 00:00:00', '2024-01-17 00:00:00', null);
INSERT INTO `employee` VALUES ('1454', '云星4', '女', '1993-01-05', '610122199301054789', '已婚', '1', '陕西西安', '1', 'yunxing@qq.com', '15644442252', '陕西西安新城区', '92', '16', '34', '劳务合同', '硕士', '通信工程', '西安电子科技学校', '2018-01-01 00:00:00', '在职', '00000036', '5.25', null, null, '2018-01-01 00:00:00', '2023-04-13 00:00:00', null);
INSERT INTO `employee` VALUES ('1455', '贾旭明4', '男', '1993-11-11', '610122199311111234', '已婚', '1', '广东广州', '4', 'jiaxuming@qq.com', '15644441234', '广东省广州市天河区冼村路', '78', '15', '33', '劳务合同', '初中', '通信工程', '西北大学', '2018-01-01 00:00:00', '在职', '00000037', '5.25', null, null, '2018-01-01 00:00:00', '2023-04-13 00:00:00', null);
INSERT INTO `employee` VALUES ('1456', '张黎明2', '男', '1991-02-01', '610144199102014569', '已婚', '1', '广东', '6', 'zhangliming@qq.com', '18979994478', '广东珠海', '91', '15', '33', '劳动合同', '高中', '考古', '清华大学', '2018-01-01 00:00:00', '在职', '00000038', '7', null, null, '2018-01-01 00:00:00', '2025-01-30 00:00:00', null);
INSERT INTO `employee` VALUES ('1457', '薛磊4', '男', '1992-07-01', '610144199207017895', '已婚', '1', '陕西西安', '13', 'xuelei@qq.com', '15648887741', '西安市雁塔区', '92', '14', '34', '劳动合同', '初中', '无', '华胥中学', '2018-01-01 00:00:00', '在职', '00000039', '6', null, null, '2018-01-01 00:00:00', '2024-01-17 00:00:00', null);
INSERT INTO `employee` VALUES ('1458', '张洁4', '女', '1990-10-09', '420177199010093652', '未婚', '1', '海南', '5', 'zhangjie@qq.com', '13695557742', '海口市美兰区', '92', '16', '34', '劳动合同', '高中', '无', '海南侨中', '2018-01-01 00:00:00', '在职', '00000040', '1', null, null, '2018-01-01 00:00:00', '2019-01-01 00:00:00', null);
INSERT INTO `employee` VALUES ('1459', '江南一点雨5', '男', '1990-01-01', '610122199001011256', '已婚', '1', '陕西', '13', 'laowang@qq.com', '18565558897', '深圳市南山区', '8', '9', '29', '劳动合同', '本科', '信息管理与信息系统', '深圳大学', '2018-01-01 00:00:00', '在职', '00000041', '1', null, null, '2018-01-01 00:00:00', '2019-01-01 00:00:00', null);
INSERT INTO `employee` VALUES ('1460', '陈静5', '女', '1989-02-01', '421288198902011234', '已婚', '1', '海南', '1', 'chenjing@qq.com', '18795556693', '海南省海口市美兰区', '82', '12', '30', '劳动合同', '高中', '市场营销', '武汉大学', '2015-06-09 00:00:00', '在职', '00000042', '3', null, null, '2015-06-09 00:00:00', '2018-06-08 00:00:00', null);
INSERT INTO `employee` VALUES ('1461', '赵琳浩5', '男', '1993-03-04', '610122199303041456', '未婚', '1', '陕西', '3', 'zhao@qq.com', '15698887795', '陕西省西安市莲湖区', '91', '12', '33', '劳动合同', '博士', '电子工程', '哈尔滨理工大学', '2018-01-01 00:00:00', '在职', '00000043', '3.5', null, null, '2018-01-01 00:00:00', '2021-07-14 00:00:00', null);
INSERT INTO `employee` VALUES ('1462', '鹿存亮5', '男', '1990-01-03', '610122199001031456', '已婚', '1', '陕西', '3', 'zhao@qq.com', '15612347795', '陕西省西安市莲湖区', '92', '12', '34', '劳动合同', '高中', '电子工程', '哈尔滨理工大学', '2018-01-01 00:00:00', '在职', '00000044', '3.5', null, null, '2018-01-01 00:00:00', '2021-07-14 00:00:00', null);
INSERT INTO `employee` VALUES ('1463', '姚森5', '男', '1991-02-05', '610122199102058952', '已婚', '1', '河南', '3', 'yaosen@qq.com', '14785559936', '河南洛阳人民大道58号', '92', '15', '34', '劳动合同', '初中', '室内装修设计', '西北大学', '2017-01-02 00:00:00', '在职', '00000045', '7', null, null, '2017-01-02 00:00:00', '2024-01-17 00:00:00', null);
INSERT INTO `employee` VALUES ('1464', '云星5', '女', '1993-01-05', '610122199301054789', '已婚', '1', '陕西西安', '1', 'yunxing@qq.com', '15644442252', '陕西西安新城区', '92', '16', '34', '劳务合同', '硕士', '通信工程', '西安电子科技学校', '2018-01-01 00:00:00', '在职', '00000046', '5.25', null, null, '2018-01-01 00:00:00', '2023-04-13 00:00:00', null);
INSERT INTO `employee` VALUES ('1465', '贾旭明5', '男', '1993-11-11', '610122199311111234', '已婚', '1', '广东广州', '4', 'jiaxuming@qq.com', '15644441234', '广东省广州市天河区冼村路', '78', '15', '33', '劳务合同', '初中', '通信工程', '西北大学', '2018-01-01 00:00:00', '在职', '00000047', '5.25', null, null, '2018-01-01 00:00:00', '2023-04-13 00:00:00', null);
INSERT INTO `employee` VALUES ('1466', '张黎明5', '男', '1991-02-01', '610144199102014569', '已婚', '1', '广东', '6', 'zhangliming@qq.com', '18979994478', '广东珠海', '91', '15', '33', '劳动合同', '高中', '考古', '清华大学', '2018-01-01 00:00:00', '在职', '00000048', '7', null, null, '2018-01-01 00:00:00', '2025-01-30 00:00:00', null);
INSERT INTO `employee` VALUES ('1467', '薛磊5', '男', '1992-07-01', '610144199207017895', '已婚', '1', '陕西西安', '13', 'xuelei@qq.com', '15648887741', '西安市雁塔区', '92', '14', '34', '劳动合同', '初中', '无', '华胥中学', '2018-01-01 00:00:00', '在职', '00000049', '6', null, null, '2018-01-01 00:00:00', '2024-01-17 00:00:00', null);
INSERT INTO `employee` VALUES ('1468', '张洁5', '女', '1990-10-09', '420177199010093652', '未婚', '1', '海南', '5', 'zhangjie@qq.com', '13695557742', '海口市美兰区', '92', '16', '34', '劳动合同', '高中', '无', '海南侨中', '2018-01-01 00:00:00', '在职', '00000050', '1', null, null, '2018-01-01 00:00:00', '2019-01-01 00:00:00', null);
INSERT INTO `employee` VALUES ('1469', '江南一点雨6', '男', '1990-01-01', '610122199001011256', '已婚', '1', '陕西', '13', 'laowang@qq.com', '18565558897', '深圳市南山区', '8', '9', '29', '劳动合同', '本科', '信息管理与信息系统', '深圳大学', '2018-01-01 00:00:00', '在职', '00000051', '1', null, null, '2018-01-01 00:00:00', '2019-01-01 00:00:00', null);
INSERT INTO `employee` VALUES ('1470', '陈静6', '女', '1989-02-01', '421288198902011234', '已婚', '1', '海南', '1', 'chenjing@qq.com', '18795556693', '海南省海口市美兰区', '82', '12', '30', '劳动合同', '高中', '市场营销', '武汉大学', '2015-06-09 00:00:00', '在职', '00000052', '3', null, null, '2015-06-09 00:00:00', '2018-06-08 00:00:00', null);
INSERT INTO `employee` VALUES ('1471', '赵琳浩6', '男', '1993-03-04', '610122199303041456', '未婚', '1', '陕西', '3', 'zhao@qq.com', '15698887795', '陕西省西安市莲湖区', '91', '12', '33', '劳动合同', '博士', '电子工程', '哈尔滨理工大学', '2018-01-01 00:00:00', '在职', '00000053', '3.5', null, null, '2018-01-01 00:00:00', '2021-07-14 00:00:00', null);
INSERT INTO `employee` VALUES ('1472', '鹿存亮6', '男', '1990-01-03', '610122199001031456', '已婚', '1', '陕西', '3', 'zhao@qq.com', '15612347795', '陕西省西安市莲湖区', '92', '12', '34', '劳动合同', '高中', '电子工程', '哈尔滨理工大学', '2018-01-01 00:00:00', '在职', '00000054', '3.5', null, null, '2018-01-01 00:00:00', '2021-07-14 00:00:00', null);
INSERT INTO `employee` VALUES ('1473', '姚森6', '男', '1991-02-05', '610122199102058952', '已婚', '1', '河南', '3', 'yaosen@qq.com', '14785559936', '河南洛阳人民大道58号', '92', '15', '34', '劳动合同', '初中', '室内装修设计', '西北大学', '2017-01-02 00:00:00', '在职', '00000055', '7', null, null, '2017-01-02 00:00:00', '2024-01-17 00:00:00', null);
INSERT INTO `employee` VALUES ('1474', '云星6', '女', '1993-01-05', '610122199301054789', '已婚', '1', '陕西西安', '1', 'yunxing@qq.com', '15644442252', '陕西西安新城区', '92', '16', '34', '劳务合同', '硕士', '通信工程', '西安电子科技学校', '2018-01-01 00:00:00', '在职', '00000056', '5.25', null, null, '2018-01-01 00:00:00', '2023-04-13 00:00:00', null);
INSERT INTO `employee` VALUES ('1475', '江南一点雨', '男', '1990-01-01', '610122199001011256', '已婚', '1', '陕西', '13', 'laowang@qq.com', '18565558897', '深圳市南山区', '8', '9', '29', '劳动合同', '本科', '信息管理与信息系统', '深圳大学', '2018-01-01 00:00:00', '在职', '00000001', '1', null, null, '2018-01-01 00:00:00', '2019-01-01 00:00:00', null);
INSERT INTO `employee` VALUES ('1476', '陈静', '女', '1989-02-01', '421288198902011234', '已婚', '1', '海南', '1', 'chenjing@qq.com', '18795556693', '海南省海口市美兰区', '82', '12', '30', '劳动合同', '高中', '市场营销', '武汉大学', '2015-06-09 00:00:00', '在职', '00000002', '3', null, null, '2015-06-09 00:00:00', '2018-06-08 00:00:00', null);
INSERT INTO `employee` VALUES ('1477', '赵琳浩', '男', '1993-03-04', '610122199303041456', '未婚', '1', '陕西', '3', 'zhao@qq.com', '15698887795', '陕西省西安市莲湖区', '91', '12', '33', '劳动合同', '博士', '电子工程', '哈尔滨理工大学', '2018-01-01 00:00:00', '在职', '00000003', '3.5', null, null, '2018-01-01 00:00:00', '2021-07-14 00:00:00', null);
INSERT INTO `employee` VALUES ('1478', '鹿存亮', '男', '1990-01-03', '610122199001031456', '已婚', '1', '陕西', '3', 'zhao@qq.com', '15612347795', '陕西省西安市莲湖区', '92', '12', '34', '劳动合同', '高中', '电子工程', '哈尔滨理工大学', '2018-01-01 00:00:00', '在职', '00000004', '3.5', null, null, '2018-01-01 00:00:00', '2021-07-14 00:00:00', null);
INSERT INTO `employee` VALUES ('1479', '姚森', '男', '1991-02-05', '610122199102058952', '已婚', '1', '河南', '3', 'yaosen@qq.com', '14785559936', '河南洛阳人民大道58号', '92', '15', '34', '劳动合同', '初中', '室内装修设计', '西北大学', '2017-01-02 00:00:00', '在职', '00000005', '7', null, null, '2017-01-02 00:00:00', '2024-01-17 00:00:00', null);
INSERT INTO `employee` VALUES ('1480', '贾旭明', '男', '1993-11-11', '610122199311111234', '已婚', '1', '广东广州', '4', 'jiaxuming@qq.com', '15644441234', '广东省广州市天河区冼村路', '78', '15', '33', '劳务合同', '初中', '通信工程', '西北大学', '2018-01-01 00:00:00', '在职', '00000007', '5.25', null, null, '2018-01-01 00:00:00', '2023-04-13 00:00:00', null);
INSERT INTO `employee` VALUES ('1481', '张黎明', '男', '1991-02-01', '610144199102014569', '已婚', '1', '广东', '6', 'zhangliming@qq.com', '18979994478', '广东珠海', '91', '15', '33', '劳动合同', '高中', '考古', '清华大学', '2018-01-01 00:00:00', '在职', '00000008', '7', null, null, '2018-01-01 00:00:00', '2025-01-30 00:00:00', null);
INSERT INTO `employee` VALUES ('1482', '薛磊', '男', '1992-07-01', '610144199207017895', '已婚', '1', '陕西西安', '13', 'xuelei@qq.com', '15648887741', '西安市雁塔区', '92', '14', '34', '劳动合同', '初中', '无', '华胥中学', '2018-01-01 00:00:00', '在职', '00000009', '6', null, null, '2018-01-01 00:00:00', '2024-01-17 00:00:00', null);
INSERT INTO `employee` VALUES ('1483', '张洁', '女', '1990-10-09', '420177199010093652', '未婚', '1', '海南', '5', 'zhangjie@qq.com', '13695557742', '海口市美兰区', '92', '16', '34', '劳动合同', '高中', '无', '海南侨中', '2018-01-01 00:00:00', '在职', '00000010', '1', null, null, '2018-01-01 00:00:00', '2019-01-01 00:00:00', null);
INSERT INTO `employee` VALUES ('1484', '江南一点雨2', '男', '1990-01-01', '610122199001011256', '已婚', '1', '陕西', '13', 'laowang@qq.com', '18565558897', '深圳市南山区', '8', '9', '29', '劳动合同', '本科', '信息管理与信息系统', '深圳大学', '2018-01-01 00:00:00', '在职', '00000011', '1', null, null, '2018-01-01 00:00:00', '2019-01-01 00:00:00', null);
INSERT INTO `employee` VALUES ('1485', '陈静2', '女', '1989-02-01', '421288198902011234', '已婚', '1', '海南', '1', 'chenjing@qq.com', '18795556693', '海南省海口市美兰区', '82', '12', '30', '劳动合同', '高中', '市场营销', '武汉大学', '2015-06-09 00:00:00', '在职', '00000012', '3', null, null, '2015-06-09 00:00:00', '2018-06-08 00:00:00', null);
INSERT INTO `employee` VALUES ('1486', '赵琳浩2', '男', '1993-03-04', '610122199303041456', '未婚', '1', '陕西', '3', 'zhao@qq.com', '15698887795', '陕西省西安市莲湖区', '91', '12', '33', '劳动合同', '博士', '电子工程', '哈尔滨理工大学', '2018-01-01 00:00:00', '在职', '00000013', '3.5', null, null, '2018-01-01 00:00:00', '2021-07-14 00:00:00', null);
INSERT INTO `employee` VALUES ('1487', '鹿存亮2', '男', '1990-01-03', '610122199001031456', '已婚', '1', '陕西', '3', 'zhao@qq.com', '15612347795', '陕西省西安市莲湖区', '92', '12', '34', '劳动合同', '高中', '电子工程', '哈尔滨理工大学', '2018-01-01 00:00:00', '在职', '00000014', '3.5', null, null, '2018-01-01 00:00:00', '2021-07-14 00:00:00', null);
INSERT INTO `employee` VALUES ('1488', '姚森2', '男', '1991-02-05', '610122199102058952', '已婚', '1', '河南', '3', 'yaosen@qq.com', '14785559936', '河南洛阳人民大道58号', '92', '15', '34', '劳动合同', '初中', '室内装修设计', '西北大学', '2017-01-02 00:00:00', '在职', '00000015', '7', null, null, '2017-01-02 00:00:00', '2024-01-17 00:00:00', null);
INSERT INTO `employee` VALUES ('1489', '云星2', '女', '1993-01-05', '610122199301054789', '已婚', '1', '陕西西安', '1', 'yunxing@qq.com', '15644442252', '陕西西安新城区', '92', '16', '34', '劳务合同', '硕士', '通信工程', '西安电子科技学校', '2018-01-01 00:00:00', '在职', '00000016', '5.25', null, null, '2018-01-01 00:00:00', '2023-04-13 00:00:00', null);
INSERT INTO `employee` VALUES ('1490', '贾旭明2', '男', '1993-11-11', '610122199311111234', '已婚', '1', '广东广州', '4', 'jiaxuming@qq.com', '15644441234', '广东省广州市天河区冼村路', '78', '15', '33', '劳务合同', '初中', '通信工程', '西北大学', '2018-01-01 00:00:00', '在职', '00000017', '5.25', null, null, '2018-01-01 00:00:00', '2023-04-13 00:00:00', null);
INSERT INTO `employee` VALUES ('1491', '王一亭', '男', '1991-02-01', '610144199102014569', '已婚', '1', '广东', '6', 'zhangliming@qq.com', '18979994478', '广东珠海', '91', '15', '33', '劳动合同', '高中', '考古', '清华大学', '2018-01-01 00:00:00', '在职', '00000018', '7', null, null, '2018-01-01 00:00:00', '2025-01-30 00:00:00', null);
INSERT INTO `employee` VALUES ('1492', '薛磊2', '男', '1992-07-01', '610144199207017895', '已婚', '1', '陕西西安', '13', 'xuelei@qq.com', '15648887741', '西安市雁塔区', '92', '14', '34', '劳动合同', '初中', '无', '华胥中学', '2018-01-01 00:00:00', '在职', '00000019', '1', null, null, '2018-01-01 00:00:00', '2019-01-01 00:00:00', null);
INSERT INTO `employee` VALUES ('1493', '张洁2', '女', '1990-10-09', '420177199010093652', '未婚', '1', '海南', '5', 'zhangjie@qq.com', '13695557742', '海口市美兰区', '92', '16', '34', '劳动合同', '高中', '无', '海南侨中', '2018-01-01 00:00:00', '在职', '00000020', '1', null, null, '2018-01-01 00:00:00', '2019-01-01 00:00:00', null);
INSERT INTO `employee` VALUES ('1494', '江南一点雨3', '男', '1990-01-01', '610122199001011256', '已婚', '1', '陕西', '13', 'laowang@qq.com', '18565558897', '深圳市南山区', '8', '9', '29', '劳动合同', '本科', '信息管理与信息系统', '深圳大学', '2018-01-01 00:00:00', '在职', '00000021', '1', null, null, '2018-01-01 00:00:00', '2019-01-01 00:00:00', null);
INSERT INTO `employee` VALUES ('1495', '陈静3', '女', '1989-02-01', '421288198902011234', '已婚', '1', '海南', '1', 'chenjing@qq.com', '18795556693', '海南省海口市美兰区', '82', '12', '30', '劳动合同', '高中', '市场营销', '武汉大学', '2015-06-09 00:00:00', '在职', '00000022', '3', null, null, '2015-06-09 00:00:00', '2018-06-08 00:00:00', null);
INSERT INTO `employee` VALUES ('1496', '鹿存亮3', '男', '1990-01-03', '610122199001031456', '已婚', '1', '陕西', '3', 'zhao@qq.com', '15612347795', '陕西省西安市莲湖区', '92', '12', '34', '劳动合同', '高中', '电子工程', '哈尔滨理工大学', '2018-01-01 00:00:00', '在职', '00000024', '3.5', null, null, '2018-01-01 00:00:00', '2021-07-14 00:00:00', null);
INSERT INTO `employee` VALUES ('1497', '姚森3', '男', '1991-02-05', '610122199102058952', '已婚', '1', '河南', '3', 'yaosen@qq.com', '14785559936', '河南洛阳人民大道58号', '92', '15', '34', '劳动合同', '初中', '室内装修设计', '西北大学', '2017-01-02 00:00:00', '在职', '00000025', '7', null, null, '2017-01-02 00:00:00', '2024-01-17 00:00:00', null);
INSERT INTO `employee` VALUES ('1498', '云星3', '女', '1993-01-05', '610122199301054789', '已婚', '1', '陕西西安', '1', 'yunxing@qq.com', '15644442252', '陕西西安新城区', '92', '16', '34', '劳务合同', '硕士', '通信工程', '西安电子科技学校', '2018-01-01 00:00:00', '在职', '00000026', '5.25', null, null, '2018-01-01 00:00:00', '2023-04-13 00:00:00', null);
INSERT INTO `employee` VALUES ('1499', '贾旭明3', '男', '1993-11-11', '610122199311111234', '已婚', '1', '广东广州', '4', 'jiaxuming@qq.com', '15644441234', '广东省广州市天河区冼村路', '78', '15', '33', '劳务合同', '初中', '通信工程', '西北大学', '2018-01-01 00:00:00', '在职', '00000027', '5.25', null, null, '2018-01-01 00:00:00', '2023-04-13 00:00:00', null);
INSERT INTO `employee` VALUES ('1500', '张黎明3', '男', '1991-02-01', '610144199102014569', '已婚', '1', '广东', '6', 'zhangliming@qq.com', '18979994478', '广东珠海', '91', '15', '33', '劳动合同', '高中', '考古', '清华大学', '2018-01-01 00:00:00', '在职', '00000028', '7', null, null, '2018-01-01 00:00:00', '2025-01-30 00:00:00', null);
INSERT INTO `employee` VALUES ('1501', '薛磊3', '男', '1992-07-01', '610144199207017895', '已婚', '1', '陕西西安', '13', 'xuelei@qq.com', '15648887741', '西安市雁塔区', '92', '14', '34', '劳动合同', '初中', '无', '华胥中学', '2018-01-01 00:00:00', '在职', '00000029', '6', null, null, '2018-01-01 00:00:00', '2024-01-17 00:00:00', null);
INSERT INTO `employee` VALUES ('1502', '江南一点雨4', '男', '1990-01-01', '610122199001011256', '已婚', '1', '陕西', '13', 'laowang@qq.com', '18565558897', '深圳市南山区', '8', '9', '29', '劳动合同', '本科', '信息管理与信息系统', '深圳大学', '2018-01-01 00:00:00', '在职', '00000031', '1', null, null, '2018-01-01 00:00:00', '2019-01-01 00:00:00', null);
INSERT INTO `employee` VALUES ('1503', '陈静4', '女', '1989-02-01', '421288198902011234', '已婚', '1', '海南', '1', 'chenjing@qq.com', '18795556693', '海南省海口市美兰区', '82', '12', '30', '劳动合同', '高中', '市场营销', '武汉大学', '2015-06-09 00:00:00', '在职', '00000032', '3', null, null, '2015-06-09 00:00:00', '2018-06-08 00:00:00', null);
INSERT INTO `employee` VALUES ('1504', '赵琳浩4', '男', '1993-03-04', '610122199303041456', '未婚', '1', '陕西', '3', 'zhao@qq.com', '15698887795', '陕西省西安市莲湖区', '91', '12', '33', '劳动合同', '博士', '电子工程', '哈尔滨理工大学', '2018-01-01 00:00:00', '在职', '00000033', '3.5', null, null, '2018-01-01 00:00:00', '2021-07-14 00:00:00', null);
INSERT INTO `employee` VALUES ('1505', '鹿存亮4', '男', '1990-01-03', '610122199001031456', '已婚', '1', '陕西', '3', 'zhao@qq.com', '15612347795', '陕西省西安市莲湖区', '92', '12', '34', '劳动合同', '高中', '电子工程', '哈尔滨理工大学', '2018-01-01 00:00:00', '在职', '00000034', '3.5', null, null, '2018-01-01 00:00:00', '2021-07-14 00:00:00', null);
INSERT INTO `employee` VALUES ('1506', '姚森4', '男', '1991-02-05', '610122199102058952', '已婚', '1', '河南', '3', 'yaosen@qq.com', '14785559936', '河南洛阳人民大道58号', '92', '15', '34', '劳动合同', '初中', '室内装修设计', '西北大学', '2017-01-02 00:00:00', '在职', '00000035', '7', null, null, '2017-01-02 00:00:00', '2024-01-17 00:00:00', null);
INSERT INTO `employee` VALUES ('1507', '云星4', '女', '1993-01-05', '610122199301054789', '已婚', '1', '陕西西安', '1', 'yunxing@qq.com', '15644442252', '陕西西安新城区', '92', '16', '34', '劳务合同', '硕士', '通信工程', '西安电子科技学校', '2018-01-01 00:00:00', '在职', '00000036', '5.25', null, null, '2018-01-01 00:00:00', '2023-04-13 00:00:00', null);
INSERT INTO `employee` VALUES ('1508', '贾旭明4', '男', '1993-11-11', '610122199311111234', '已婚', '1', '广东广州', '4', 'jiaxuming@qq.com', '15644441234', '广东省广州市天河区冼村路', '78', '15', '33', '劳务合同', '初中', '通信工程', '西北大学', '2018-01-01 00:00:00', '在职', '00000037', '5.25', null, null, '2018-01-01 00:00:00', '2023-04-13 00:00:00', null);
INSERT INTO `employee` VALUES ('1509', '谢工', '女', '1970-01-01', '618177197001011234', '离异', '1', '江苏', '1', '584991843@qq.com', '18558887788', '北京', '91', '12', '29', '劳动合同', '本科', '计算机软件', '南华大学', '2018-01-01 00:00:00', '在职', '00000038', '5', null, null, '2018-01-01 00:00:00', '2023-01-01 00:00:00', null);
INSERT INTO `employee` VALUES ('1510', '林昭亮', '男', '1990-01-01', '610122199809091234', '已婚', '1', '广东', '13', '584991843@qq.com', '16767776654', '广东深圳', '91', '15', '33', '劳动合同', '大专', '计算机软件', '广东职业技术学院', '2018-01-01 00:00:00', '在职', '00000039', '5', null, null, '2018-01-01 00:00:00', '2023-01-01 00:00:00', null);
INSERT INTO `employee` VALUES ('1511', '11', '男', '2018-01-01', '610122201801011234', '已婚', '1', '1', '1', '584991843@qq.com', '111', '1', '89', '9', '29', '劳动合同', '本科', '1', '1', '2018-01-01 00:00:00', '在职', '00000040', '4', null, null, '2018-01-01 00:00:00', '2022-01-26 00:00:00', null);
INSERT INTO `employee` VALUES ('1512', '1', '男', '2018-01-01', '610188199809091234', '已婚', '1', '1', '1', '584991843@qq.com', '1', '1', '89', '9', '29', '劳动合同', '大专', '1', '1', '2018-01-31 00:00:00', '在职', '00000041', '1', null, null, '2018-01-31 00:00:00', '2019-01-31 00:00:00', null);
INSERT INTO `employee` VALUES ('1513', '1', '男', '2018-01-01', '610122199909090000', '已婚', '1', '1', '1', '584991843@qq.com', '1', '1', '78', '9', '29', '劳动合同', '大专', '1', '1', '2018-01-31 00:00:00', '在职', '00000042', '1', null, null, '2018-01-31 00:00:00', '2019-01-31 00:00:00', null);
INSERT INTO `employee` VALUES ('1514', '1', '男', '2018-01-01', '610122199909090000', '已婚', '1', '1', '1', '584991843@qq.com', '1', '1', '81', '9', '29', '劳动合同', '大专', '1', '1', '2018-01-31 00:00:00', '在职', '00000043', '0', null, null, '2018-01-31 00:00:00', '2018-01-31 00:00:00', null);
INSERT INTO `employee` VALUES ('1515', '1', '男', '2018-01-01', '610122199909099999', '已婚', '1', '1', '1', '584991843@qq.com', '1', '1', '87', '9', '29', '劳动合同', '大专', '1', '1', '2018-01-01 00:00:00', '在职', '00000044', '0', null, null, '2018-01-01 00:00:00', '2018-01-31 00:00:00', null);
INSERT INTO `employee` VALUES ('1516', '1', '男', '2018-01-01', '610122199909099999', '已婚', '1', '1', '1', '584991843@qq.com', '1', '1', '78', '9', '29', '劳动合同', '大专', '1', '1', '2018-01-01 00:00:00', '在职', '00000045', '0', null, null, '2018-01-01 00:00:00', '2018-01-31 00:00:00', null);
INSERT INTO `employee` VALUES ('1517', '林伯渠', '男', '2018-01-01', '610122199909099999', '未婚', '1', '1', '1', '584991843@qq.com', '1', '1', '8', '9', '29', '劳动合同', '大专', '1', '1', '2018-01-31 00:00:00', '在职', '00000046', '0', null, null, '2018-01-31 00:00:00', '2018-01-31 00:00:00', null);
INSERT INTO `employee` VALUES ('1518', '1', '男', '2018-01-01', '610122199909091234', '已婚', '1', '1', '1', '584991843@qq.com', '1', '1', '8', '9', '29', '劳动合同', '大专', '1', '1', '2018-01-31 00:00:00', '在职', '00000047', '0', null, null, '2018-01-31 00:00:00', '2018-01-31 00:00:00', null);

-- ----------------------------
-- Table structure for employeeec
-- ----------------------------
DROP TABLE IF EXISTS `employeeec`;
CREATE TABLE `employeeec` (
  `id` bigint(20) NOT NULL AUTO_INCREMENT,
  `eid` bigint(20) DEFAULT NULL COMMENT '员工编号',
  `ecDate` datetime DEFAULT NULL COMMENT '奖罚日期',
  `ecReason` varchar(255) DEFAULT NULL COMMENT '奖罚原因',
  `ecPoint` int(11) DEFAULT NULL COMMENT '奖罚分',
  `ecType` int(11) DEFAULT NULL COMMENT '奖罚类别，0：奖，1：罚',
  `remark` varchar(255) DEFAULT NULL COMMENT '备注',
  PRIMARY KEY (`id`),
  KEY `pid` (`eid`),
  CONSTRAINT `employeeec_ibfk_1` FOREIGN KEY (`eid`) REFERENCES `employee` (`id`)
) ENGINE=InnoDB DEFAULT CHARSET=utf8;

-- ----------------------------
-- Records of employeeec
-- ----------------------------

-- ----------------------------
-- Table structure for employeeremove
-- ----------------------------
DROP TABLE IF EXISTS `employeeremove`;
CREATE TABLE `employeeremove` (
  `id` bigint(20) NOT NULL AUTO_INCREMENT,
  `eid` bigint(20) DEFAULT NULL,
  `afterDepId` bigint(20) DEFAULT NULL COMMENT '调动后部门',
  `afterJobId` bigint(20) DEFAULT NULL COMMENT '调动后职位',
  `removeDate` datetime DEFAULT NULL COMMENT '调动日期',
  `reason` varchar(255) DEFAULT NULL COMMENT '调动原因',
  `remark` varchar(255) DEFAULT NULL,
  PRIMARY KEY (`id`),
  KEY `pid` (`eid`),
  KEY `employeeremove_ibfk_2` (`afterDepId`),
  KEY `employeeremove_ibfk_3` (`afterJobId`),
  CONSTRAINT `employeeremove_ibfk_1` FOREIGN KEY (`eid`) REFERENCES `employee` (`id`),
  CONSTRAINT `employeeremove_ibfk_2` FOREIGN KEY (`afterDepId`) REFERENCES `department` (`id`),
  CONSTRAINT `employeeremove_ibfk_3` FOREIGN KEY (`afterJobId`) REFERENCES `joblevel` (`id`)
) ENGINE=InnoDB DEFAULT CHARSET=utf8 COMMENT='员工调换部门表';

-- ----------------------------
-- Records of employeeremove
-- ----------------------------

-- ----------------------------
-- Table structure for employeetrain
-- ----------------------------
DROP TABLE IF EXISTS `employeetrain`;
CREATE TABLE `employeetrain` (
  `id` bigint(20) NOT NULL AUTO_INCREMENT,
  `eid` bigint(20) DEFAULT NULL COMMENT '员工编号',
  `trainDate` datetime DEFAULT NULL COMMENT '培训日期',
  `trainContent` varchar(255) DEFAULT NULL COMMENT '培训内容',
  `remark` varchar(255) DEFAULT NULL COMMENT '备注',
  PRIMARY KEY (`id`),
  KEY `pid` (`eid`),
  CONSTRAINT `employeetrain_ibfk_1` FOREIGN KEY (`eid`) REFERENCES `employee` (`id`)
) ENGINE=InnoDB DEFAULT CHARSET=utf8;

-- ----------------------------
-- Records of employeetrain
-- ----------------------------

-- ----------------------------
-- Table structure for empsalary
-- ----------------------------
DROP TABLE IF EXISTS `empsalary`;
CREATE TABLE `empsalary` (
  `id` bigint(20) NOT NULL AUTO_INCREMENT,
  `eid` bigint(20) DEFAULT NULL,
  `sid` bigint(20) DEFAULT NULL,
  PRIMARY KEY (`id`),
  KEY `eid` (`eid`),
  KEY `empsalary_ibfk_2` (`sid`),
  CONSTRAINT `empsalary_ibfk_2` FOREIGN KEY (`sid`) REFERENCES `salary` (`id`),
  CONSTRAINT `empsalary_ibfk_1` FOREIGN KEY (`eid`) REFERENCES `employee` (`id`)
) ENGINE=InnoDB AUTO_INCREMENT=17 DEFAULT CHARSET=utf8;

-- ----------------------------
-- Records of empsalary
-- ----------------------------
INSERT INTO `empsalary` VALUES ('6', '4', '10');
INSERT INTO `empsalary` VALUES ('7', '3', '9');
INSERT INTO `empsalary` VALUES ('8', '1', '10');
INSERT INTO `empsalary` VALUES ('10', '5', '9');
INSERT INTO `empsalary` VALUES ('11', '6', '13');
INSERT INTO `empsalary` VALUES ('12', '7', '13');
INSERT INTO `empsalary` VALUES ('13', '2', '13');
INSERT INTO `empsalary` VALUES ('14', '8', '10');
INSERT INTO `empsalary` VALUES ('15', '9', '10');
INSERT INTO `empsalary` VALUES ('16', '10', '13');

-- ----------------------------
-- Table structure for hr
-- ----------------------------
DROP TABLE IF EXISTS `hr`;
CREATE TABLE `hr` (
  `id` bigint(20) NOT NULL AUTO_INCREMENT COMMENT 'hrID',
  `name` varchar(32) DEFAULT NULL COMMENT '姓名',
  `phone` char(11) DEFAULT NULL COMMENT '手机号码',
  `telephone` varchar(16) DEFAULT NULL COMMENT '住宅电话',
  `address` varchar(64) DEFAULT NULL COMMENT '联系地址',
  `enabled` tinyint(1) DEFAULT '1',
  `username` varchar(255) DEFAULT NULL COMMENT '用户名',
  `password` varchar(255) DEFAULT NULL COMMENT '密码',
  `userface` varchar(255) DEFAULT NULL,
  `remark` varchar(255) DEFAULT NULL,
  PRIMARY KEY (`id`)
) ENGINE=InnoDB AUTO_INCREMENT=13 DEFAULT CHARSET=utf8;

-- ----------------------------
-- Records of hr
-- ----------------------------
INSERT INTO `hr` VALUES ('3', '系统管理员', '18568887789', '029-82881234', '深圳南山', '1', 'admin', '$2a$10$ySG2lkvjFHY5O0./CPIE1OI8VJsuKYEzOYzqIa7AJR6sEgSzUFOAm', 'http://bpic.588ku.com/element_pic/01/40/00/64573ce2edc0728.jpg', null);
INSERT INTO `hr` VALUES ('5', '李白', '18568123489', '029-82123434', '海口美兰', '1', 'libai', '$2a$10$oE39aG10kB/rFu2vQeCJTu/V/v4n6DRR0f8WyXRiAYvBpmadoOBE.', 'https://timgsa.baidu.com/timg?image&quality=80&size=b9999_10000&sec=1514093920321&di=913e88c23f382933ef430024afd9128a&imgtype=0&src=http%3A%2F%2Fp.3761.com%2Fpic%2F9771429316733.jpg', null);
INSERT INTO `hr` VALUES ('10', '韩愈', '18568123666', '029-82111555', '广州番禺', '1', 'hanyu', '$2a$10$oE39aG10kB/rFu2vQeCJTu/V/v4n6DRR0f8WyXRiAYvBpmadoOBE.', 'https://ss3.bdstatic.com/70cFv8Sh_Q1YnxGkpoWK1HF6hhy/it/u=1406745149,1563524794&fm=27&gp=0.jpg', null);
INSERT INTO `hr` VALUES ('11', '柳宗元', '18568123377', '029-82111333', '广州天河', '1', 'liuzongyuan', '$2a$10$oE39aG10kB/rFu2vQeCJTu/V/v4n6DRR0f8WyXRiAYvBpmadoOBE.', 'https://timgsa.baidu.com/timg?image&quality=80&size=b9999_10000&sec=1515233756&di=0856d923a0a37a87fd26604a2c871370&imgtype=jpg&er=1&src=http%3A%2F%2Fwww.qqzhi.com%2Fuploadpic%2F2014-09-27%2F041716704.jpg', null);
INSERT INTO `hr` VALUES ('12', '曾巩', '18568128888', '029-82111222', '广州越秀', '1', 'zenggong', '$2a$10$oE39aG10kB/rFu2vQeCJTu/V/v4n6DRR0f8WyXRiAYvBpmadoOBE.', 'https://timgsa.baidu.com/timg?image&quality=80&size=b9999_10000&sec=1517070040185&di=be0375e0c3db6c311b837b28c208f318&imgtype=0&src=http%3A%2F%2Fimg2.soyoung.com%2Fpost%2F20150213%2F6%2F20150213141918532.jpg', null);

-- ----------------------------
-- Table structure for hr_role
-- ----------------------------
DROP TABLE IF EXISTS `hr_role`;
CREATE TABLE `hr_role` (
  `id` bigint(20) NOT NULL AUTO_INCREMENT,
  `hrid` bigint(20) DEFAULT NULL,
  `rid` bigint(20) DEFAULT NULL,
  PRIMARY KEY (`id`),
  KEY `rid` (`rid`),
  KEY `hr_role_ibfk_1` (`hrid`),
  CONSTRAINT `hr_role_ibfk_2` FOREIGN KEY (`rid`) REFERENCES `role` (`id`),
  CONSTRAINT `hr_role_ibfk_1` FOREIGN KEY (`hrid`) REFERENCES `hr` (`id`)
) ENGINE=InnoDB AUTO_INCREMENT=51 DEFAULT CHARSET=utf8;

-- ----------------------------
-- Records of hr_role
-- ----------------------------
INSERT INTO `hr_role` VALUES ('1', '3', '6');
INSERT INTO `hr_role` VALUES ('9', '5', '1');
INSERT INTO `hr_role` VALUES ('10', '5', '4');
INSERT INTO `hr_role` VALUES ('35', '12', '4');
INSERT INTO `hr_role` VALUES ('36', '12', '3');
INSERT INTO `hr_role` VALUES ('37', '12', '2');
INSERT INTO `hr_role` VALUES ('43', '11', '3');
INSERT INTO `hr_role` VALUES ('44', '11', '2');
INSERT INTO `hr_role` VALUES ('45', '11', '4');
INSERT INTO `hr_role` VALUES ('46', '11', '5');
INSERT INTO `hr_role` VALUES ('48', '10', '3');
INSERT INTO `hr_role` VALUES ('49', '10', '4');

-- ----------------------------
-- Table structure for joblevel
-- ----------------------------
DROP TABLE IF EXISTS `joblevel`;
CREATE TABLE `joblevel` (
  `id` bigint(20) NOT NULL AUTO_INCREMENT,
  `name` varchar(32) DEFAULT NULL COMMENT '职称名称',
  `titleLevel` enum('正高级','副高级','中级','初级','员级') DEFAULT NULL,
  `createDate` timestamp NULL DEFAULT CURRENT_TIMESTAMP,
  `enabled` tinyint(1) DEFAULT '1',
  PRIMARY KEY (`id`)
) ENGINE=InnoDB AUTO_INCREMENT=18 DEFAULT CHARSET=utf8;

-- ----------------------------
-- Records of joblevel
-- ----------------------------
INSERT INTO `joblevel` VALUES ('9', '教授', '正高级', '2018-01-11 21:19:14', '1');
INSERT INTO `joblevel` VALUES ('10', '副教授', '副高级', '2018-01-11 21:19:20', '1');
INSERT INTO `joblevel` VALUES ('12', '助教', '初级', '2018-01-11 21:35:39', '1');
INSERT INTO `joblevel` VALUES ('13', '讲师', '中级', '2018-01-11 22:42:12', '1');
INSERT INTO `joblevel` VALUES ('14', '初级工程师', '初级', '2018-01-14 16:18:50', '1');
INSERT INTO `joblevel` VALUES ('15', '中级工程师', '中级', '2018-01-14 16:19:00', '1');
INSERT INTO `joblevel` VALUES ('16', '高级工程师', '副高级', '2018-01-14 16:19:14', '1');
INSERT INTO `joblevel` VALUES ('17', '骨灰级工程师', '正高级', '2018-01-14 16:19:24', '1');

-- ----------------------------
-- Table structure for menu
-- ----------------------------
DROP TABLE IF EXISTS `menu`;
CREATE TABLE `menu` (
  `id` bigint(20) NOT NULL AUTO_INCREMENT,
  `url` varchar(64) DEFAULT NULL,
  `path` varchar(64) DEFAULT NULL,
  `component` varchar(64) DEFAULT NULL,
  `name` varchar(64) DEFAULT NULL,
  `iconCls` varchar(64) DEFAULT NULL,
  `keepAlive` tinyint(1) DEFAULT NULL,
  `requireAuth` tinyint(1) DEFAULT NULL,
  `parentId` bigint(20) DEFAULT NULL,
  `enabled` tinyint(1) DEFAULT '1',
  PRIMARY KEY (`id`),
  KEY `parentId` (`parentId`),
  CONSTRAINT `menu_ibfk_1` FOREIGN KEY (`parentId`) REFERENCES `menu` (`id`)
) ENGINE=InnoDB AUTO_INCREMENT=32 DEFAULT CHARSET=utf8;

-- ----------------------------
-- Records of menu
-- ----------------------------
INSERT INTO `menu` VALUES ('1', '/', null, null, '所有', null, null, null, null, '1');
INSERT INTO `menu` VALUES ('2', '/', '/home', 'Home', '员工资料', 'fa fa-user-circle-o', null, '1', '1', '1');
INSERT INTO `menu` VALUES ('3', '/', '/home', 'Home', '人事管理', 'fa fa-address-card-o', null, '1', '1', '1');
INSERT INTO `menu` VALUES ('4', '/', '/home', 'Home', '薪资管理', 'fa fa-money', null, '1', '1', '1');
INSERT INTO `menu` VALUES ('5', '/', '/home', 'Home', '统计管理', 'fa fa-bar-chart', null, '1', '1', '1');
INSERT INTO `menu` VALUES ('6', '/', '/home', 'Home', '系统管理', 'fa fa-windows', null, '1', '1', '1');
INSERT INTO `menu` VALUES ('7', '/employee/basic/**', '/emp/basic', 'EmpBasic', '基本资料', null, null, '1', '2', '1');
INSERT INTO `menu` VALUES ('8', '/employee/advanced/**', '/emp/adv', 'EmpAdv', '高级资料', null, null, '1', '2', '0');
INSERT INTO `menu` VALUES ('9', '/personnel/emp/**', '/per/emp', 'PerEmp', '员工资料', null, null, '1', '3', '0');
INSERT INTO `menu` VALUES ('10', '/personnel/ec/**', '/per/ec', 'PerEc', '员工奖惩', null, null, '1', '3', '1');
INSERT INTO `menu` VALUES ('11', '/personnel/train/**', '/per/train', 'PerTrain', '员工培训', null, null, '1', '3', '1');
INSERT INTO `menu` VALUES ('12', '/personnel/salary/**', '/per/salary', 'PerSalary', '员工调薪', null, null, '1', '3', '1');
INSERT INTO `menu` VALUES ('13', '/personnel/remove/**', '/per/mv', 'PerMv', '员工调动', null, null, '1', '3', '1');
INSERT INTO `menu` VALUES ('14', '/salary/sob/**', '/sal/sob', 'SalSob', '工资账套管理', null, null, '1', '4', '1');
INSERT INTO `menu` VALUES ('15', '/salary/sobcfg/**', '/sal/sobcfg', 'SalSobCfg', '员工账套设置', null, null, '1', '4', '1');
INSERT INTO `menu` VALUES ('16', '/salary/table/**', '/sal/table', 'SalTable', '工资表管理', null, null, '1', '4', '1');
INSERT INTO `menu` VALUES ('17', '/salary/month/**', '/sal/month', 'SalMonth', '月末处理', null, null, '1', '4', '1');
INSERT INTO `menu` VALUES ('18', '/salary/search/**', '/sal/search', 'SalSearch', '工资表查询', null, null, '1', '4', '1');
INSERT INTO `menu` VALUES ('19', '/statistics/all/**', '/sta/all', 'StaAll', '综合信息统计', null, null, '1', '5', '1');
INSERT INTO `menu` VALUES ('20', '/statistics/score/**', '/sta/score', 'StaScore', '员工积分统计', null, null, '1', '5', '1');
INSERT INTO `menu` VALUES ('21', '/statistics/personnel/**', '/sta/pers', 'StaPers', '人事信息统计', null, null, '1', '5', '1');
INSERT INTO `menu` VALUES ('22', '/statistics/recored/**', '/sta/record', 'StaRecord', '人事记录统计', null, null, '1', '5', '1');
INSERT INTO `menu` VALUES ('23', '/system/basic/**', '/sys/basic', 'SysBasic', '基础信息设置', null, null, '1', '6', '1');
INSERT INTO `menu` VALUES ('24', '/system/cfg/**', '/sys/cfg', 'SysCfg', '系统管理', null, null, '1', '6', '1');
INSERT INTO `menu` VALUES ('25', '/system/log/**', '/sys/log', 'SysLog', '操作日志管理', null, null, '1', '6', '1');
INSERT INTO `menu` VALUES ('26', '/system/hr/**', '/sys/hr', 'SysHr', '操作员管理', null, null, '1', '6', '1');
INSERT INTO `menu` VALUES ('27', '/system/data/**', '/sys/data', 'SysData', '备份恢复数据库', null, null, '1', '6', '1');
INSERT INTO `menu` VALUES ('28', '/system/init/**', '/sys/init', 'SysInit', '初始化数据库', null, null, '1', '6', '1');
INSERT INTO `menu` VALUES ('29', '/', '/home', 'Home', '值班管理', 'el-icon-tickets', null, '1', '1', '1');
INSERT INTO `menu` VALUES ('30', '/dutyinfo/basic/**', '/duty/basic', 'DutyBasic', '值班查询', null, null, '1', '29', '1');
INSERT INTO `menu` VALUES ('31', '/dutyinfo/basic/**', '/duty/arrange', 'DutyArrange', '值班安排', null, null, '1', '29', '1');

-- ----------------------------
-- Table structure for menu_role
-- ----------------------------
DROP TABLE IF EXISTS `menu_role`;
CREATE TABLE `menu_role` (
  `id` bigint(20) NOT NULL AUTO_INCREMENT,
  `mid` bigint(20) DEFAULT NULL,
  `rid` bigint(20) DEFAULT NULL,
  PRIMARY KEY (`id`),
  KEY `mid` (`mid`),
  KEY `rid` (`rid`),
  CONSTRAINT `menu_role_ibfk_2` FOREIGN KEY (`rid`) REFERENCES `role` (`id`),
  CONSTRAINT `menu_role_ibfk_1` FOREIGN KEY (`mid`) REFERENCES `menu` (`id`)
) ENGINE=InnoDB AUTO_INCREMENT=290 DEFAULT CHARSET=utf8;

-- ----------------------------
-- Records of menu_role
-- ----------------------------
INSERT INTO `menu_role` VALUES ('161', '7', '3');
INSERT INTO `menu_role` VALUES ('162', '7', '6');
INSERT INTO `menu_role` VALUES ('163', '9', '6');
INSERT INTO `menu_role` VALUES ('164', '10', '6');
INSERT INTO `menu_role` VALUES ('165', '11', '6');
INSERT INTO `menu_role` VALUES ('166', '12', '6');
INSERT INTO `menu_role` VALUES ('167', '13', '6');
INSERT INTO `menu_role` VALUES ('168', '14', '6');
INSERT INTO `menu_role` VALUES ('169', '15', '6');
INSERT INTO `menu_role` VALUES ('170', '16', '6');
INSERT INTO `menu_role` VALUES ('171', '17', '6');
INSERT INTO `menu_role` VALUES ('172', '18', '6');
INSERT INTO `menu_role` VALUES ('173', '19', '6');
INSERT INTO `menu_role` VALUES ('174', '20', '6');
INSERT INTO `menu_role` VALUES ('175', '21', '6');
INSERT INTO `menu_role` VALUES ('176', '22', '6');
INSERT INTO `menu_role` VALUES ('177', '23', '6');
INSERT INTO `menu_role` VALUES ('178', '25', '6');
INSERT INTO `menu_role` VALUES ('179', '26', '6');
INSERT INTO `menu_role` VALUES ('180', '27', '6');
INSERT INTO `menu_role` VALUES ('181', '28', '6');
INSERT INTO `menu_role` VALUES ('182', '24', '6');
INSERT INTO `menu_role` VALUES ('247', '7', '4');
INSERT INTO `menu_role` VALUES ('248', '8', '4');
INSERT INTO `menu_role` VALUES ('249', '11', '4');
INSERT INTO `menu_role` VALUES ('250', '7', '2');
INSERT INTO `menu_role` VALUES ('251', '8', '2');
INSERT INTO `menu_role` VALUES ('252', '9', '2');
INSERT INTO `menu_role` VALUES ('253', '10', '2');
INSERT INTO `menu_role` VALUES ('254', '12', '2');
INSERT INTO `menu_role` VALUES ('255', '13', '2');
INSERT INTO `menu_role` VALUES ('256', '7', '1');
INSERT INTO `menu_role` VALUES ('257', '8', '1');
INSERT INTO `menu_role` VALUES ('258', '9', '1');
INSERT INTO `menu_role` VALUES ('259', '10', '1');
INSERT INTO `menu_role` VALUES ('260', '11', '1');
INSERT INTO `menu_role` VALUES ('261', '12', '1');
INSERT INTO `menu_role` VALUES ('262', '13', '1');
INSERT INTO `menu_role` VALUES ('263', '14', '1');
INSERT INTO `menu_role` VALUES ('264', '15', '1');
INSERT INTO `menu_role` VALUES ('265', '16', '1');
INSERT INTO `menu_role` VALUES ('266', '17', '1');
INSERT INTO `menu_role` VALUES ('267', '18', '1');
INSERT INTO `menu_role` VALUES ('268', '19', '1');
INSERT INTO `menu_role` VALUES ('269', '20', '1');
INSERT INTO `menu_role` VALUES ('270', '21', '1');
INSERT INTO `menu_role` VALUES ('271', '22', '1');
INSERT INTO `menu_role` VALUES ('272', '23', '1');
INSERT INTO `menu_role` VALUES ('273', '24', '1');
INSERT INTO `menu_role` VALUES ('274', '25', '1');
INSERT INTO `menu_role` VALUES ('275', '26', '1');
INSERT INTO `menu_role` VALUES ('276', '27', '1');
INSERT INTO `menu_role` VALUES ('277', '28', '1');
INSERT INTO `menu_role` VALUES ('278', '29', '6');
INSERT INTO `menu_role` VALUES ('279', '30', '6');
INSERT INTO `menu_role` VALUES ('280', '31', '6');

-- ----------------------------
-- Table structure for msgcontent
-- ----------------------------
DROP TABLE IF EXISTS `msgcontent`;
CREATE TABLE `msgcontent` (
  `id` bigint(20) NOT NULL AUTO_INCREMENT,
  `title` varchar(64) DEFAULT NULL,
  `message` varchar(255) DEFAULT NULL,
  `createDate` datetime NOT NULL COMMENT '创建时间',
  PRIMARY KEY (`id`)
) ENGINE=InnoDB AUTO_INCREMENT=19 DEFAULT CHARSET=utf8;

-- ----------------------------
-- Records of msgcontent
-- ----------------------------
INSERT INTO `msgcontent` VALUES ('14', '2222222222', '11111111111111111', '2018-02-02 20:46:19');
INSERT INTO `msgcontent` VALUES ('15', '22222222', '3333333333333333333333', '2018-02-02 21:45:57');
INSERT INTO `msgcontent` VALUES ('16', '通知标题1', '通知内容1', '2018-02-03 11:41:39');
INSERT INTO `msgcontent` VALUES ('17', '通知标题2', '通知内容2', '2018-02-03 11:52:37');
INSERT INTO `msgcontent` VALUES ('18', '通知标题3', '通知内容3', '2018-02-03 12:19:41');

-- ----------------------------
-- Table structure for nation
-- ----------------------------
DROP TABLE IF EXISTS `nation`;
CREATE TABLE `nation` (
  `id` int(11) NOT NULL AUTO_INCREMENT,
  `name` varchar(32) DEFAULT NULL,
  PRIMARY KEY (`id`)
) ENGINE=InnoDB AUTO_INCREMENT=57 DEFAULT CHARSET=utf8;

-- ----------------------------
-- Records of nation
-- ----------------------------
INSERT INTO `nation` VALUES ('1', '汉族');
INSERT INTO `nation` VALUES ('2', '蒙古族');
INSERT INTO `nation` VALUES ('3', '回族');
INSERT INTO `nation` VALUES ('4', '藏族');
INSERT INTO `nation` VALUES ('5', '维吾尔族');
INSERT INTO `nation` VALUES ('6', '苗族');
INSERT INTO `nation` VALUES ('7', '彝族');
INSERT INTO `nation` VALUES ('8', '壮族');
INSERT INTO `nation` VALUES ('9', '布依族');
INSERT INTO `nation` VALUES ('10', '朝鲜族');
INSERT INTO `nation` VALUES ('11', '满族');
INSERT INTO `nation` VALUES ('12', '侗族');
INSERT INTO `nation` VALUES ('13', '瑶族');
INSERT INTO `nation` VALUES ('14', '白族');
INSERT INTO `nation` VALUES ('15', '土家族');
INSERT INTO `nation` VALUES ('16', '哈尼族');
INSERT INTO `nation` VALUES ('17', '哈萨克族');
INSERT INTO `nation` VALUES ('18', '傣族');
INSERT INTO `nation` VALUES ('19', '黎族');
INSERT INTO `nation` VALUES ('20', '傈僳族');
INSERT INTO `nation` VALUES ('21', '佤族');
INSERT INTO `nation` VALUES ('22', '畲族');
INSERT INTO `nation` VALUES ('23', '高山族');
INSERT INTO `nation` VALUES ('24', '拉祜族');
INSERT INTO `nation` VALUES ('25', '水族');
INSERT INTO `nation` VALUES ('26', '东乡族');
INSERT INTO `nation` VALUES ('27', '纳西族');
INSERT INTO `nation` VALUES ('28', '景颇族');
INSERT INTO `nation` VALUES ('29', '柯尔克孜族');
INSERT INTO `nation` VALUES ('30', '土族');
INSERT INTO `nation` VALUES ('31', '达斡尔族');
INSERT INTO `nation` VALUES ('32', '仫佬族');
INSERT INTO `nation` VALUES ('33', '羌族');
INSERT INTO `nation` VALUES ('34', '布朗族');
INSERT INTO `nation` VALUES ('35', '撒拉族');
INSERT INTO `nation` VALUES ('36', '毛难族');
INSERT INTO `nation` VALUES ('37', '仡佬族');
INSERT INTO `nation` VALUES ('38', '锡伯族');
INSERT INTO `nation` VALUES ('39', '阿昌族');
INSERT INTO `nation` VALUES ('40', '普米族');
INSERT INTO `nation` VALUES ('41', '塔吉克族');
INSERT INTO `nation` VALUES ('42', '怒族');
INSERT INTO `nation` VALUES ('43', '乌孜别克族');
INSERT INTO `nation` VALUES ('44', '俄罗斯族');
INSERT INTO `nation` VALUES ('45', '鄂温克族');
INSERT INTO `nation` VALUES ('46', '崩龙族');
INSERT INTO `nation` VALUES ('47', '保安族');
INSERT INTO `nation` VALUES ('48', '裕固族');
INSERT INTO `nation` VALUES ('49', '京族');
INSERT INTO `nation` VALUES ('50', '塔塔尔族');
INSERT INTO `nation` VALUES ('51', '独龙族');
INSERT INTO `nation` VALUES ('52', '鄂伦春族');
INSERT INTO `nation` VALUES ('53', '赫哲族');
INSERT INTO `nation` VALUES ('54', '门巴族');
INSERT INTO `nation` VALUES ('55', '珞巴族');
INSERT INTO `nation` VALUES ('56', '基诺族');

-- ----------------------------
-- Table structure for oplog
-- ----------------------------
DROP TABLE IF EXISTS `oplog`;
CREATE TABLE `oplog` (
  `id` bigint(20) NOT NULL AUTO_INCREMENT,
  `addDate` datetime DEFAULT NULL COMMENT '添加日期（操作日期）',
  `operate` varchar(255) DEFAULT NULL COMMENT '操作内容',
  `hrid` bigint(20) DEFAULT NULL COMMENT '操作员ID',
  `ip` varchar(64) DEFAULT NULL COMMENT '操作Ip',
  PRIMARY KEY (`id`),
  KEY `hrid` (`hrid`)
) ENGINE=InnoDB AUTO_INCREMENT=744 DEFAULT CHARSET=utf8;

-- ----------------------------
-- Records of oplog
-- ----------------------------
INSERT INTO `oplog` VALUES ('1', '2019-07-19 13:00:18', '登录成功', '3', '127.0.0.1');
INSERT INTO `oplog` VALUES ('2', '2019-07-19 13:01:48', '登录成功', '12', '127.0.0.1');
INSERT INTO `oplog` VALUES ('3', '2019-07-19 13:01:54', '获取员工列表分页查询', '12', '127.0.0.1');
INSERT INTO `oplog` VALUES ('4', '2019-07-19 13:01:55', '获取员工列表', '12', '127.0.0.1');
INSERT INTO `oplog` VALUES ('5', '2019-07-19 13:03:32', '登录成功', '12', '127.0.0.1');
INSERT INTO `oplog` VALUES ('6', '2019-07-19 13:03:41', '获取员工列表分页查询', '12', '127.0.0.1');
INSERT INTO `oplog` VALUES ('7', '2019-07-19 13:03:42', '获取员工列表', '12', '127.0.0.1');
INSERT INTO `oplog` VALUES ('8', '2019-07-22 09:32:07', '登录成功', '3', '127.0.0.1');
INSERT INTO `oplog` VALUES ('9', '2019-07-22 09:32:08', '获取菜单列表', '3', '127.0.0.1');
INSERT INTO `oplog` VALUES ('10', '2019-07-22 09:32:09', '分页获取系统消息', '3', '127.0.0.1');
INSERT INTO `oplog` VALUES ('11', '2019-07-22 09:32:23', '获取员工列表分页查询', '3', '127.0.0.1');
INSERT INTO `oplog` VALUES ('12', '2019-07-22 09:32:24', '获取员工列表', '3', '127.0.0.1');
INSERT INTO `oplog` VALUES ('13', '2019-07-22 09:35:30', '获取最大工号', '3', '127.0.0.1');
INSERT INTO `oplog` VALUES ('14', '2019-07-22 09:52:10', '获取员工列表分页查询', '3', '127.0.0.1');
INSERT INTO `oplog` VALUES ('15', '2019-07-22 09:53:38', '获取员工列表分页查询', '3', '127.0.0.1');
INSERT INTO `oplog` VALUES ('16', '2019-07-22 09:53:38', '获取员工列表', '3', '127.0.0.1');
INSERT INTO `oplog` VALUES ('17', '2019-07-22 12:47:42', '登录成功', '3', '127.0.0.1');
INSERT INTO `oplog` VALUES ('18', '2019-07-22 12:47:42', '获取菜单列表', '3', '127.0.0.1');
INSERT INTO `oplog` VALUES ('19', '2019-07-22 12:47:43', '分页获取系统消息', '3', '127.0.0.1');
INSERT INTO `oplog` VALUES ('20', '2019-07-22 12:48:49', '获取菜单列表', '3', '127.0.0.1');
INSERT INTO `oplog` VALUES ('21', '2019-07-22 12:48:49', '获取菜单列表', '3', '127.0.0.1');
INSERT INTO `oplog` VALUES ('22', '2019-07-22 12:48:49', '分页获取系统消息', '3', '127.0.0.1');
INSERT INTO `oplog` VALUES ('23', '2019-07-22 12:50:27', '获取菜单列表', '3', '127.0.0.1');
INSERT INTO `oplog` VALUES ('24', '2019-07-22 12:50:27', '获取菜单列表', '3', '127.0.0.1');
INSERT INTO `oplog` VALUES ('25', '2019-07-22 12:50:27', '分页获取系统消息', '3', '127.0.0.1');
INSERT INTO `oplog` VALUES ('26', '2019-07-22 12:56:40', '获取菜单列表', '3', '127.0.0.1');
INSERT INTO `oplog` VALUES ('27', '2019-07-22 12:56:40', '获取菜单列表', '3', '127.0.0.1');
INSERT INTO `oplog` VALUES ('28', '2019-07-22 12:56:41', '分页获取系统消息', '3', '127.0.0.1');
INSERT INTO `oplog` VALUES ('29', '2019-07-22 13:00:05', '获取菜单列表', '3', '127.0.0.1');
INSERT INTO `oplog` VALUES ('30', '2019-07-22 13:00:05', '获取菜单列表', '3', '127.0.0.1');
INSERT INTO `oplog` VALUES ('31', '2019-07-22 13:00:05', '分页获取系统消息', '3', '127.0.0.1');
INSERT INTO `oplog` VALUES ('32', '2019-07-22 13:03:37', '获取菜单列表', '3', '127.0.0.1');
INSERT INTO `oplog` VALUES ('33', '2019-07-22 13:03:37', '获取菜单列表', '3', '127.0.0.1');
INSERT INTO `oplog` VALUES ('34', '2019-07-22 13:03:37', '分页获取系统消息', '3', '127.0.0.1');
INSERT INTO `oplog` VALUES ('35', '2019-07-22 14:24:53', '登录成功', '3', '127.0.0.1');
INSERT INTO `oplog` VALUES ('36', '2019-07-22 14:24:54', '获取菜单列表', '3', '127.0.0.1');
INSERT INTO `oplog` VALUES ('37', '2019-07-22 14:24:54', '获取菜单列表', '3', '127.0.0.1');
INSERT INTO `oplog` VALUES ('38', '2019-07-22 14:24:55', '分页获取系统消息', '3', '127.0.0.1');
INSERT INTO `oplog` VALUES ('39', '2019-07-22 14:33:38', '获取菜单列表', '3', '127.0.0.1');
INSERT INTO `oplog` VALUES ('40', '2019-07-22 14:33:38', '获取菜单列表', '3', '127.0.0.1');
INSERT INTO `oplog` VALUES ('41', '2019-07-22 14:33:39', '分页获取系统消息', '3', '127.0.0.1');
INSERT INTO `oplog` VALUES ('42', '2019-07-22 14:42:10', '登录成功', '3', '127.0.0.1');
INSERT INTO `oplog` VALUES ('43', '2019-07-22 14:42:10', '获取菜单列表', '3', '127.0.0.1');
INSERT INTO `oplog` VALUES ('44', '2019-07-22 14:42:10', '获取菜单列表', '3', '127.0.0.1');
INSERT INTO `oplog` VALUES ('45', '2019-07-22 14:42:11', '分页获取系统消息', '3', '127.0.0.1');
INSERT INTO `oplog` VALUES ('46', '2019-07-22 14:49:39', '获取菜单列表', '3', '127.0.0.1');
INSERT INTO `oplog` VALUES ('47', '2019-07-22 14:49:40', '获取菜单列表', '3', '127.0.0.1');
INSERT INTO `oplog` VALUES ('48', '2019-07-22 14:49:40', '分页获取系统消息', '3', '127.0.0.1');
INSERT INTO `oplog` VALUES ('49', '2019-07-22 14:57:06', '获取菜单列表', '3', '127.0.0.1');
INSERT INTO `oplog` VALUES ('50', '2019-07-22 14:57:06', '获取菜单列表', '3', '127.0.0.1');
INSERT INTO `oplog` VALUES ('51', '2019-07-22 14:57:07', '分页获取系统消息', '3', '127.0.0.1');
INSERT INTO `oplog` VALUES ('52', '2019-07-22 14:58:42', '登录成功', '3', '127.0.0.1');
INSERT INTO `oplog` VALUES ('53', '2019-07-22 14:58:42', '获取菜单列表', '3', '127.0.0.1');
INSERT INTO `oplog` VALUES ('54', '2019-07-22 14:58:42', '分页获取系统消息', '3', '127.0.0.1');
INSERT INTO `oplog` VALUES ('55', '2019-07-22 15:02:14', '登录成功', '3', '127.0.0.1');
INSERT INTO `oplog` VALUES ('56', '2019-07-22 15:02:14', '获取菜单列表', '3', '127.0.0.1');
INSERT INTO `oplog` VALUES ('57', '2019-07-22 15:02:15', '获取菜单列表', '3', '127.0.0.1');
INSERT INTO `oplog` VALUES ('58', '2019-07-22 15:02:15', '分页获取系统消息', '3', '127.0.0.1');
INSERT INTO `oplog` VALUES ('59', '2019-07-22 15:02:55', '获取菜单列表', '3', '127.0.0.1');
INSERT INTO `oplog` VALUES ('60', '2019-07-22 15:02:55', '获取菜单列表', '3', '127.0.0.1');
INSERT INTO `oplog` VALUES ('61', '2019-07-22 15:02:55', '分页获取系统消息', '3', '127.0.0.1');
INSERT INTO `oplog` VALUES ('62', '2019-07-22 15:09:27', '获取菜单列表', '3', '127.0.0.1');
INSERT INTO `oplog` VALUES ('63', '2019-07-22 15:09:28', '获取菜单列表', '3', '127.0.0.1');
INSERT INTO `oplog` VALUES ('64', '2019-07-22 15:09:28', '分页获取系统消息', '3', '127.0.0.1');
INSERT INTO `oplog` VALUES ('65', '2019-07-22 15:12:23', '获取菜单列表', '3', '127.0.0.1');
INSERT INTO `oplog` VALUES ('66', '2019-07-22 15:12:23', '获取菜单列表', '3', '127.0.0.1');
INSERT INTO `oplog` VALUES ('67', '2019-07-22 15:12:43', '分页获取系统消息', '3', '127.0.0.1');
INSERT INTO `oplog` VALUES ('68', '2019-07-22 15:19:34', '获取菜单列表', '3', '127.0.0.1');
INSERT INTO `oplog` VALUES ('69', '2019-07-22 15:19:35', '获取菜单列表', '3', '127.0.0.1');
INSERT INTO `oplog` VALUES ('70', '2019-07-22 15:20:11', '分页获取系统消息', '3', '127.0.0.1');
INSERT INTO `oplog` VALUES ('71', '2019-07-22 15:20:12', '获取菜单列表', '3', '127.0.0.1');
INSERT INTO `oplog` VALUES ('72', '2019-07-22 15:20:12', '获取菜单列表', '3', '127.0.0.1');
INSERT INTO `oplog` VALUES ('73', '2019-07-22 15:20:12', '分页获取系统消息', '3', '127.0.0.1');
INSERT INTO `oplog` VALUES ('74', '2019-07-22 15:20:18', '获取菜单列表', '3', '127.0.0.1');
INSERT INTO `oplog` VALUES ('75', '2019-07-22 15:20:18', '获取菜单列表', '3', '127.0.0.1');
INSERT INTO `oplog` VALUES ('76', '2019-07-22 15:20:18', '分页获取系统消息', '3', '127.0.0.1');
INSERT INTO `oplog` VALUES ('77', '2019-07-22 15:21:36', '登录成功', '3', '127.0.0.1');
INSERT INTO `oplog` VALUES ('78', '2019-07-22 15:21:36', '获取菜单列表', '3', '127.0.0.1');
INSERT INTO `oplog` VALUES ('79', '2019-07-22 15:21:36', '分页获取系统消息', '3', '127.0.0.1');
INSERT INTO `oplog` VALUES ('80', '2019-07-22 15:22:53', '获取菜单列表', '3', '127.0.0.1');
INSERT INTO `oplog` VALUES ('81', '2019-07-22 15:22:54', '获取菜单列表', '3', '127.0.0.1');
INSERT INTO `oplog` VALUES ('82', '2019-07-22 15:22:54', '分页获取系统消息', '3', '127.0.0.1');
INSERT INTO `oplog` VALUES ('83', '2019-07-22 15:23:06', '获取菜单列表', '3', '127.0.0.1');
INSERT INTO `oplog` VALUES ('84', '2019-07-22 15:23:06', '获取菜单列表', '3', '127.0.0.1');
INSERT INTO `oplog` VALUES ('85', '2019-07-22 15:23:06', '分页获取系统消息', '3', '127.0.0.1');
INSERT INTO `oplog` VALUES ('86', '2019-07-22 15:23:46', '获取菜单列表', '3', '127.0.0.1');
INSERT INTO `oplog` VALUES ('87', '2019-07-22 15:23:46', '获取菜单列表', '3', '127.0.0.1');
INSERT INTO `oplog` VALUES ('88', '2019-07-22 15:23:46', '分页获取系统消息', '3', '127.0.0.1');
INSERT INTO `oplog` VALUES ('89', '2019-07-22 15:24:28', '获取菜单列表', '3', '127.0.0.1');
INSERT INTO `oplog` VALUES ('90', '2019-07-22 15:24:29', '获取菜单列表', '3', '127.0.0.1');
INSERT INTO `oplog` VALUES ('91', '2019-07-22 15:24:29', '分页获取系统消息', '3', '127.0.0.1');
INSERT INTO `oplog` VALUES ('92', '2019-07-22 15:25:50', '获取菜单列表', '3', '127.0.0.1');
INSERT INTO `oplog` VALUES ('93', '2019-07-22 15:25:50', '获取菜单列表', '3', '127.0.0.1');
INSERT INTO `oplog` VALUES ('94', '2019-07-22 15:25:50', '分页获取系统消息', '3', '127.0.0.1');
INSERT INTO `oplog` VALUES ('95', '2019-07-22 15:26:30', '获取菜单列表', '3', '127.0.0.1');
INSERT INTO `oplog` VALUES ('96', '2019-07-22 15:26:30', '获取菜单列表', '3', '127.0.0.1');
INSERT INTO `oplog` VALUES ('97', '2019-07-22 15:26:33', '分页获取系统消息', '3', '127.0.0.1');
INSERT INTO `oplog` VALUES ('98', '2019-07-22 15:27:05', '获取菜单列表', '3', '127.0.0.1');
INSERT INTO `oplog` VALUES ('99', '2019-07-22 15:27:05', '获取菜单列表', '3', '127.0.0.1');
INSERT INTO `oplog` VALUES ('100', '2019-07-22 15:27:11', '分页获取系统消息', '3', '127.0.0.1');
INSERT INTO `oplog` VALUES ('101', '2019-07-22 15:27:20', '获取菜单列表', '3', '127.0.0.1');
INSERT INTO `oplog` VALUES ('102', '2019-07-22 15:27:21', '获取菜单列表', '3', '127.0.0.1');
INSERT INTO `oplog` VALUES ('103', '2019-07-22 15:27:34', '分页获取系统消息', '3', '127.0.0.1');
INSERT INTO `oplog` VALUES ('104', '2019-07-22 15:29:26', '获取菜单列表', '3', '127.0.0.1');
INSERT INTO `oplog` VALUES ('105', '2019-07-22 15:29:27', '获取菜单列表', '3', '127.0.0.1');
INSERT INTO `oplog` VALUES ('106', '2019-07-22 15:29:27', '分页获取系统消息', '3', '127.0.0.1');
INSERT INTO `oplog` VALUES ('107', '2019-07-22 15:29:34', '获取菜单列表', '3', '127.0.0.1');
INSERT INTO `oplog` VALUES ('108', '2019-07-22 15:29:35', '获取菜单列表', '3', '127.0.0.1');
INSERT INTO `oplog` VALUES ('109', '2019-07-22 15:29:35', '分页获取系统消息', '3', '127.0.0.1');
INSERT INTO `oplog` VALUES ('110', '2019-07-22 15:31:14', '获取菜单列表', '3', '127.0.0.1');
INSERT INTO `oplog` VALUES ('111', '2019-07-22 15:31:14', '获取菜单列表', '3', '127.0.0.1');
INSERT INTO `oplog` VALUES ('112', '2019-07-22 15:34:30', '分页获取系统消息', '3', '127.0.0.1');
INSERT INTO `oplog` VALUES ('113', '2019-07-22 15:36:20', '获取菜单列表', '3', '127.0.0.1');
INSERT INTO `oplog` VALUES ('114', '2019-07-22 15:36:20', '获取菜单列表', '3', '127.0.0.1');
INSERT INTO `oplog` VALUES ('115', '2019-07-22 15:36:40', '分页获取系统消息', '3', '127.0.0.1');
INSERT INTO `oplog` VALUES ('116', '2019-07-22 15:54:45', '登录成功', '3', '127.0.0.1');
INSERT INTO `oplog` VALUES ('117', '2019-07-22 15:54:46', '获取菜单列表', '3', '127.0.0.1');
INSERT INTO `oplog` VALUES ('118', '2019-07-22 15:54:46', '分页获取系统消息', '3', '127.0.0.1');
INSERT INTO `oplog` VALUES ('119', '2019-07-22 15:55:48', '获取菜单列表', '3', '127.0.0.1');
INSERT INTO `oplog` VALUES ('120', '2019-07-22 15:55:48', '获取菜单列表', '3', '127.0.0.1');
INSERT INTO `oplog` VALUES ('121', '2019-07-22 15:55:56', '分页获取系统消息', '3', '127.0.0.1');
INSERT INTO `oplog` VALUES ('122', '2019-07-22 16:00:35', '登录成功', '3', '127.0.0.1');
INSERT INTO `oplog` VALUES ('123', '2019-07-22 16:00:35', '获取菜单列表', '3', '127.0.0.1');
INSERT INTO `oplog` VALUES ('124', '2019-07-22 16:00:36', '分页获取系统消息', '3', '127.0.0.1');
INSERT INTO `oplog` VALUES ('125', '2019-07-22 16:02:39', '登录成功', '3', '127.0.0.1');
INSERT INTO `oplog` VALUES ('126', '2019-07-22 16:02:39', '获取菜单列表', '3', '127.0.0.1');
INSERT INTO `oplog` VALUES ('127', '2019-07-22 16:02:39', '分页获取系统消息', '3', '127.0.0.1');
INSERT INTO `oplog` VALUES ('128', '2019-07-22 16:04:37', '登录成功', '3', '127.0.0.1');
INSERT INTO `oplog` VALUES ('129', '2019-07-22 16:04:37', '分页获取系统消息', '3', '127.0.0.1');
INSERT INTO `oplog` VALUES ('130', '2019-07-22 16:04:37', '获取菜单列表', '3', '127.0.0.1');
INSERT INTO `oplog` VALUES ('131', '2019-07-22 16:04:53', '获取值班列表', '3', '127.0.0.1');
INSERT INTO `oplog` VALUES ('132', '2019-07-22 16:06:24', '获取值班列表', '3', '127.0.0.1');
INSERT INTO `oplog` VALUES ('133', '2019-07-22 16:06:40', '获取值班列表', '3', '127.0.0.1');
INSERT INTO `oplog` VALUES ('134', '2019-07-22 16:06:52', '获取值班列表', '3', '127.0.0.1');
INSERT INTO `oplog` VALUES ('135', '2019-07-22 16:06:56', '获取菜单列表', '3', '127.0.0.1');
INSERT INTO `oplog` VALUES ('136', '2019-07-22 16:06:57', '获取菜单列表', '3', '127.0.0.1');
INSERT INTO `oplog` VALUES ('137', '2019-07-22 16:06:57', '获取值班列表', '3', '127.0.0.1');
INSERT INTO `oplog` VALUES ('138', '2019-07-22 16:06:57', '分页获取系统消息', '3', '127.0.0.1');
INSERT INTO `oplog` VALUES ('139', '2019-07-22 16:10:58', '获取员工列表分页查询', '3', '127.0.0.1');
INSERT INTO `oplog` VALUES ('140', '2019-07-22 16:10:58', '获取员工列表', '3', '127.0.0.1');
INSERT INTO `oplog` VALUES ('141', '2019-07-22 16:12:06', '获取菜单列表', '3', '127.0.0.1');
INSERT INTO `oplog` VALUES ('142', '2019-07-22 16:12:06', '获取菜单列表', '3', '127.0.0.1');
INSERT INTO `oplog` VALUES ('143', '2019-07-22 16:12:07', '分页获取系统消息', '3', '127.0.0.1');
INSERT INTO `oplog` VALUES ('144', '2019-07-22 16:12:07', '获取员工列表分页查询', '3', '127.0.0.1');
INSERT INTO `oplog` VALUES ('145', '2019-07-22 16:12:07', '获取员工列表', '3', '127.0.0.1');
INSERT INTO `oplog` VALUES ('146', '2019-07-22 16:12:10', '获取值班列表', '3', '127.0.0.1');
INSERT INTO `oplog` VALUES ('147', '2019-07-22 16:12:14', '获取菜单列表', '3', '127.0.0.1');
INSERT INTO `oplog` VALUES ('148', '2019-07-22 16:12:15', '获取菜单列表', '3', '127.0.0.1');
INSERT INTO `oplog` VALUES ('149', '2019-07-22 16:12:15', '获取值班列表', '3', '127.0.0.1');
INSERT INTO `oplog` VALUES ('150', '2019-07-22 16:12:15', '分页获取系统消息', '3', '127.0.0.1');
INSERT INTO `oplog` VALUES ('151', '2019-07-22 16:14:18', '获取值班列表', '3', '127.0.0.1');
INSERT INTO `oplog` VALUES ('152', '2019-07-22 16:14:22', '获取菜单列表', '3', '127.0.0.1');
INSERT INTO `oplog` VALUES ('153', '2019-07-22 16:14:22', '获取菜单列表', '3', '127.0.0.1');
INSERT INTO `oplog` VALUES ('154', '2019-07-22 16:14:22', '获取值班列表', '3', '127.0.0.1');
INSERT INTO `oplog` VALUES ('155', '2019-07-22 16:14:22', '分页获取系统消息', '3', '127.0.0.1');
INSERT INTO `oplog` VALUES ('156', '2019-07-22 16:15:02', '获取值班列表', '3', '127.0.0.1');
INSERT INTO `oplog` VALUES ('157', '2019-07-22 16:15:17', '获取菜单列表', '3', '127.0.0.1');
INSERT INTO `oplog` VALUES ('158', '2019-07-22 16:15:17', '获取菜单列表', '3', '127.0.0.1');
INSERT INTO `oplog` VALUES ('159', '2019-07-22 16:15:18', '获取值班列表', '3', '127.0.0.1');
INSERT INTO `oplog` VALUES ('160', '2019-07-22 16:15:18', '分页获取系统消息', '3', '127.0.0.1');
INSERT INTO `oplog` VALUES ('161', '2019-07-22 16:15:52', '获取值班列表', '3', '127.0.0.1');
INSERT INTO `oplog` VALUES ('162', '2019-07-22 16:17:17', '获取值班列表', '3', '127.0.0.1');
INSERT INTO `oplog` VALUES ('163', '2019-07-22 16:17:26', '获取菜单列表', '3', '127.0.0.1');
INSERT INTO `oplog` VALUES ('164', '2019-07-22 16:17:26', '获取菜单列表', '3', '127.0.0.1');
INSERT INTO `oplog` VALUES ('165', '2019-07-22 16:17:26', '获取值班列表', '3', '127.0.0.1');
INSERT INTO `oplog` VALUES ('166', '2019-07-22 16:17:26', '分页获取系统消息', '3', '127.0.0.1');
INSERT INTO `oplog` VALUES ('167', '2019-07-22 16:17:30', '获取值班列表', '3', '127.0.0.1');
INSERT INTO `oplog` VALUES ('168', '2019-07-22 16:17:37', '获取值班列表', '3', '127.0.0.1');
INSERT INTO `oplog` VALUES ('169', '2019-07-22 16:17:41', '获取值班列表', '3', '127.0.0.1');
INSERT INTO `oplog` VALUES ('170', '2019-07-22 16:17:56', '获取值班列表', '3', '127.0.0.1');
INSERT INTO `oplog` VALUES ('171', '2019-07-22 16:18:31', '获取值班列表', '3', '127.0.0.1');
INSERT INTO `oplog` VALUES ('172', '2019-07-22 16:23:06', '获取菜单列表', '3', '127.0.0.1');
INSERT INTO `oplog` VALUES ('173', '2019-07-22 16:23:06', '获取菜单列表', '3', '127.0.0.1');
INSERT INTO `oplog` VALUES ('174', '2019-07-22 16:23:06', '获取值班列表', '3', '127.0.0.1');
INSERT INTO `oplog` VALUES ('175', '2019-07-22 16:23:06', '分页获取系统消息', '3', '127.0.0.1');
INSERT INTO `oplog` VALUES ('176', '2019-07-22 16:23:19', '获取菜单列表', '3', '127.0.0.1');
INSERT INTO `oplog` VALUES ('177', '2019-07-22 16:23:19', '获取菜单列表', '3', '127.0.0.1');
INSERT INTO `oplog` VALUES ('178', '2019-07-22 16:23:19', '获取值班列表', '3', '127.0.0.1');
INSERT INTO `oplog` VALUES ('179', '2019-07-22 16:23:19', '分页获取系统消息', '3', '127.0.0.1');
INSERT INTO `oplog` VALUES ('180', '2019-07-22 16:24:01', '获取值班列表', '3', '127.0.0.1');
INSERT INTO `oplog` VALUES ('181', '2019-07-22 16:24:03', '获取菜单列表', '3', '127.0.0.1');
INSERT INTO `oplog` VALUES ('182', '2019-07-22 16:24:04', '获取菜单列表', '3', '127.0.0.1');
INSERT INTO `oplog` VALUES ('183', '2019-07-22 16:24:04', '获取值班列表', '3', '127.0.0.1');
INSERT INTO `oplog` VALUES ('184', '2019-07-22 16:24:04', '分页获取系统消息', '3', '127.0.0.1');
INSERT INTO `oplog` VALUES ('185', '2019-07-22 16:24:07', '获取值班列表', '3', '127.0.0.1');
INSERT INTO `oplog` VALUES ('186', '2019-07-22 16:24:14', '获取菜单列表', '3', '127.0.0.1');
INSERT INTO `oplog` VALUES ('187', '2019-07-22 16:24:14', '获取菜单列表', '3', '127.0.0.1');
INSERT INTO `oplog` VALUES ('188', '2019-07-22 16:24:14', '获取值班列表', '3', '127.0.0.1');
INSERT INTO `oplog` VALUES ('189', '2019-07-22 16:24:14', '分页获取系统消息', '3', '127.0.0.1');
INSERT INTO `oplog` VALUES ('190', '2019-07-22 16:24:25', '获取值班列表', '3', '127.0.0.1');
INSERT INTO `oplog` VALUES ('191', '2019-07-22 16:25:51', '获取值班列表', '3', '127.0.0.1');
INSERT INTO `oplog` VALUES ('192', '2019-07-22 16:25:55', '获取菜单列表', '3', '127.0.0.1');
INSERT INTO `oplog` VALUES ('193', '2019-07-22 16:25:56', '获取菜单列表', '3', '127.0.0.1');
INSERT INTO `oplog` VALUES ('194', '2019-07-22 16:25:56', '获取值班列表', '3', '127.0.0.1');
INSERT INTO `oplog` VALUES ('195', '2019-07-22 16:25:56', '分页获取系统消息', '3', '127.0.0.1');
INSERT INTO `oplog` VALUES ('196', '2019-07-22 16:26:00', '获取值班列表', '3', '127.0.0.1');
INSERT INTO `oplog` VALUES ('197', '2019-07-22 16:26:10', '获取值班列表', '3', '127.0.0.1');
INSERT INTO `oplog` VALUES ('198', '2019-07-22 16:26:11', '获取值班列表', '3', '127.0.0.1');
INSERT INTO `oplog` VALUES ('199', '2019-07-22 16:27:25', '获取员工列表分页查询', '3', '127.0.0.1');
INSERT INTO `oplog` VALUES ('200', '2019-07-22 16:27:26', '获取员工列表', '3', '127.0.0.1');
INSERT INTO `oplog` VALUES ('201', '2019-07-22 16:27:28', '获取员工列表分页查询', '3', '127.0.0.1');
INSERT INTO `oplog` VALUES ('202', '2019-07-22 16:27:35', '获取员工列表分页查询', '3', '127.0.0.1');
INSERT INTO `oplog` VALUES ('203', '2019-07-22 16:27:40', '获取员工列表分页查询', '3', '127.0.0.1');
INSERT INTO `oplog` VALUES ('204', '2019-07-22 16:29:44', '获取菜单列表', '3', '127.0.0.1');
INSERT INTO `oplog` VALUES ('205', '2019-07-22 16:29:44', '获取菜单列表', '3', '127.0.0.1');
INSERT INTO `oplog` VALUES ('206', '2019-07-22 16:29:44', '分页获取系统消息', '3', '127.0.0.1');
INSERT INTO `oplog` VALUES ('207', '2019-07-22 16:29:44', '获取员工列表分页查询', '3', '127.0.0.1');
INSERT INTO `oplog` VALUES ('208', '2019-07-22 16:29:45', '获取员工列表', '3', '127.0.0.1');
INSERT INTO `oplog` VALUES ('209', '2019-07-22 16:29:48', '获取值班列表', '3', '127.0.0.1');
INSERT INTO `oplog` VALUES ('210', '2019-07-22 16:29:52', '获取值班列表', '3', '127.0.0.1');
INSERT INTO `oplog` VALUES ('211', '2019-07-22 16:29:56', '获取值班列表', '3', '127.0.0.1');
INSERT INTO `oplog` VALUES ('212', '2019-07-22 16:30:05', '获取值班列表', '3', '127.0.0.1');
INSERT INTO `oplog` VALUES ('213', '2019-07-22 16:30:07', '获取值班列表', '3', '127.0.0.1');
INSERT INTO `oplog` VALUES ('214', '2019-07-22 16:30:23', '获取值班列表', '3', '127.0.0.1');
INSERT INTO `oplog` VALUES ('215', '2019-07-22 16:30:29', '获取值班列表', '3', '127.0.0.1');
INSERT INTO `oplog` VALUES ('216', '2019-07-22 16:31:56', '获取值班列表', '3', '127.0.0.1');
INSERT INTO `oplog` VALUES ('217', '2019-07-22 16:32:01', '获取值班列表', '3', '127.0.0.1');
INSERT INTO `oplog` VALUES ('218', '2019-07-22 16:32:03', '获取值班列表', '3', '127.0.0.1');
INSERT INTO `oplog` VALUES ('219', '2019-07-22 16:32:15', '获取值班列表', '3', '127.0.0.1');
INSERT INTO `oplog` VALUES ('220', '2019-07-22 16:32:28', '获取值班列表', '3', '127.0.0.1');
INSERT INTO `oplog` VALUES ('221', '2019-07-22 16:35:13', '获取值班列表', '3', '127.0.0.1');
INSERT INTO `oplog` VALUES ('222', '2019-07-22 16:35:13', '获取菜单列表', '3', '127.0.0.1');
INSERT INTO `oplog` VALUES ('223', '2019-07-22 16:35:35', '登录成功', '3', '127.0.0.1');
INSERT INTO `oplog` VALUES ('224', '2019-07-22 16:35:36', '分页获取系统消息', '3', '127.0.0.1');
INSERT INTO `oplog` VALUES ('225', '2019-07-22 16:35:36', '获取菜单列表', '3', '127.0.0.1');
INSERT INTO `oplog` VALUES ('226', '2019-07-22 16:35:49', '获取值班列表', '3', '127.0.0.1');
INSERT INTO `oplog` VALUES ('227', '2019-07-22 16:36:39', '获取值班列表', '3', '127.0.0.1');
INSERT INTO `oplog` VALUES ('228', '2019-07-22 16:37:03', '获取值班列表', '3', '127.0.0.1');
INSERT INTO `oplog` VALUES ('229', '2019-07-22 16:37:18', '获取值班列表', '3', '127.0.0.1');
INSERT INTO `oplog` VALUES ('230', '2019-07-22 16:37:35', '获取值班列表', '3', '127.0.0.1');
INSERT INTO `oplog` VALUES ('231', '2019-07-22 16:38:22', '获取值班列表', '3', '127.0.0.1');
INSERT INTO `oplog` VALUES ('232', '2019-07-22 16:39:23', '获取值班列表', '3', '127.0.0.1');
INSERT INTO `oplog` VALUES ('233', '2019-07-22 16:39:26', '获取菜单列表', '3', '127.0.0.1');
INSERT INTO `oplog` VALUES ('234', '2019-07-22 16:39:26', '获取菜单列表', '3', '127.0.0.1');
INSERT INTO `oplog` VALUES ('235', '2019-07-22 16:39:26', '获取值班列表', '3', '127.0.0.1');
INSERT INTO `oplog` VALUES ('236', '2019-07-22 16:39:26', '分页获取系统消息', '3', '127.0.0.1');
INSERT INTO `oplog` VALUES ('237', '2019-07-22 16:39:33', '获取值班列表', '3', '127.0.0.1');
INSERT INTO `oplog` VALUES ('238', '2019-07-22 16:39:36', '获取值班列表', '3', '127.0.0.1');
INSERT INTO `oplog` VALUES ('239', '2019-07-22 16:39:47', '获取值班列表', '3', '127.0.0.1');
INSERT INTO `oplog` VALUES ('240', '2019-07-22 16:39:49', '获取值班列表', '3', '127.0.0.1');
INSERT INTO `oplog` VALUES ('241', '2019-07-22 16:44:55', '获取员工列表分页查询', '3', '127.0.0.1');
INSERT INTO `oplog` VALUES ('242', '2019-07-22 16:44:56', '获取员工列表', '3', '127.0.0.1');
INSERT INTO `oplog` VALUES ('243', '2019-07-22 16:44:59', '获取最大工号', '3', '127.0.0.1');
INSERT INTO `oplog` VALUES ('244', '2019-07-22 16:45:15', '获取值班列表', '3', '127.0.0.1');
INSERT INTO `oplog` VALUES ('245', '2019-07-22 16:46:14', '获取工资套账配置列表', '3', '127.0.0.1');
INSERT INTO `oplog` VALUES ('246', '2019-07-22 16:46:21', '获取员工列表分页查询', '3', '127.0.0.1');
INSERT INTO `oplog` VALUES ('247', '2019-07-22 16:46:21', '获取员工列表', '3', '127.0.0.1');
INSERT INTO `oplog` VALUES ('248', '2019-07-22 16:50:04', '获取值班列表', '3', '127.0.0.1');
INSERT INTO `oplog` VALUES ('249', '2019-07-22 16:54:42', '获取值班列表', '3', '127.0.0.1');
INSERT INTO `oplog` VALUES ('250', '2019-07-22 16:55:30', '获取员工列表分页查询', '3', '127.0.0.1');
INSERT INTO `oplog` VALUES ('251', '2019-07-22 16:55:30', '获取员工列表', '3', '127.0.0.1');
INSERT INTO `oplog` VALUES ('252', '2019-07-22 16:55:36', '获取值班列表', '3', '127.0.0.1');
INSERT INTO `oplog` VALUES ('253', '2019-07-22 16:56:22', '获取菜单列表', '3', '127.0.0.1');
INSERT INTO `oplog` VALUES ('254', '2019-07-22 16:56:23', '获取菜单列表', '3', '127.0.0.1');
INSERT INTO `oplog` VALUES ('255', '2019-07-22 16:56:23', '获取值班列表', '3', '127.0.0.1');
INSERT INTO `oplog` VALUES ('256', '2019-07-22 16:56:23', '分页获取系统消息', '3', '127.0.0.1');
INSERT INTO `oplog` VALUES ('257', '2019-07-22 16:56:39', '获取菜单列表', '3', '127.0.0.1');
INSERT INTO `oplog` VALUES ('258', '2019-07-22 16:56:39', '获取菜单列表', '3', '127.0.0.1');
INSERT INTO `oplog` VALUES ('259', '2019-07-22 16:56:39', '获取值班列表', '3', '127.0.0.1');
INSERT INTO `oplog` VALUES ('260', '2019-07-22 16:56:39', '分页获取系统消息', '3', '127.0.0.1');
INSERT INTO `oplog` VALUES ('261', '2019-07-22 16:58:57', '获取值班列表', '3', '127.0.0.1');
INSERT INTO `oplog` VALUES ('262', '2019-07-22 16:59:19', '获取菜单列表', '3', '127.0.0.1');
INSERT INTO `oplog` VALUES ('263', '2019-07-22 16:59:19', '获取菜单列表', '3', '127.0.0.1');
INSERT INTO `oplog` VALUES ('264', '2019-07-22 16:59:20', '获取值班列表', '3', '127.0.0.1');
INSERT INTO `oplog` VALUES ('265', '2019-07-22 16:59:20', '分页获取系统消息', '3', '127.0.0.1');
INSERT INTO `oplog` VALUES ('266', '2019-07-22 16:59:35', '获取值班列表', '3', '127.0.0.1');
INSERT INTO `oplog` VALUES ('267', '2019-07-22 17:08:40', '获取值班列表', '3', '127.0.0.1');
INSERT INTO `oplog` VALUES ('268', '2019-07-22 17:08:41', '获取值班列表', '3', '127.0.0.1');
INSERT INTO `oplog` VALUES ('269', '2019-07-22 17:09:27', '获取值班列表', '3', '127.0.0.1');
INSERT INTO `oplog` VALUES ('270', '2019-07-22 17:09:50', '获取值班列表', '3', '127.0.0.1');
INSERT INTO `oplog` VALUES ('271', '2019-07-22 17:09:52', '获取值班列表', '3', '127.0.0.1');
INSERT INTO `oplog` VALUES ('272', '2019-07-22 17:10:31', '获取菜单列表', '3', '127.0.0.1');
INSERT INTO `oplog` VALUES ('273', '2019-07-22 17:10:31', '获取菜单列表', '3', '127.0.0.1');
INSERT INTO `oplog` VALUES ('274', '2019-07-22 17:10:31', '获取值班列表', '3', '127.0.0.1');
INSERT INTO `oplog` VALUES ('275', '2019-07-22 17:10:32', '分页获取系统消息', '3', '127.0.0.1');
INSERT INTO `oplog` VALUES ('276', '2019-07-22 17:21:54', '获取员工列表分页查询', '3', '127.0.0.1');
INSERT INTO `oplog` VALUES ('277', '2019-07-22 17:21:55', '获取员工列表', '3', '127.0.0.1');
INSERT INTO `oplog` VALUES ('278', '2019-07-22 17:21:55', '获取最大工号', '3', '127.0.0.1');
INSERT INTO `oplog` VALUES ('279', '2019-07-22 17:35:31', '获取最大工号', '3', '127.0.0.1');
INSERT INTO `oplog` VALUES ('280', '2019-07-22 17:38:44', '获取最大工号', '3', '127.0.0.1');
INSERT INTO `oplog` VALUES ('281', '2019-07-22 17:38:53', '获取员工列表分页查询', '3', '127.0.0.1');
INSERT INTO `oplog` VALUES ('282', '2019-07-22 17:43:51', '获取最大工号', '3', '127.0.0.1');
INSERT INTO `oplog` VALUES ('283', '2019-07-22 17:47:42', '获取最大工号', '3', '127.0.0.1');
INSERT INTO `oplog` VALUES ('284', '2019-07-22 17:50:01', '获取值班列表', '3', '127.0.0.1');
INSERT INTO `oplog` VALUES ('285', '2019-07-22 17:51:03', '获取菜单列表', '3', '127.0.0.1');
INSERT INTO `oplog` VALUES ('286', '2019-07-22 17:51:03', '获取菜单列表', '3', '127.0.0.1');
INSERT INTO `oplog` VALUES ('287', '2019-07-22 17:51:03', '获取值班列表', '3', '127.0.0.1');
INSERT INTO `oplog` VALUES ('288', '2019-07-22 17:51:03', '分页获取系统消息', '3', '127.0.0.1');
INSERT INTO `oplog` VALUES ('289', '2019-07-22 17:52:14', '获取菜单列表', '3', '127.0.0.1');
INSERT INTO `oplog` VALUES ('290', '2019-07-22 17:52:14', '获取菜单列表', '3', '127.0.0.1');
INSERT INTO `oplog` VALUES ('291', '2019-07-22 17:52:14', '获取值班列表', '3', '127.0.0.1');
INSERT INTO `oplog` VALUES ('292', '2019-07-22 17:52:14', '分页获取系统消息', '3', '127.0.0.1');
INSERT INTO `oplog` VALUES ('293', '2019-07-22 17:52:25', '获取值班列表', '3', '127.0.0.1');
INSERT INTO `oplog` VALUES ('294', '2019-07-22 17:52:26', '获取值班列表', '3', '127.0.0.1');
INSERT INTO `oplog` VALUES ('295', '2019-07-22 17:52:42', '获取菜单列表', '3', '127.0.0.1');
INSERT INTO `oplog` VALUES ('296', '2019-07-22 17:52:42', '获取菜单列表', '3', '127.0.0.1');
INSERT INTO `oplog` VALUES ('297', '2019-07-22 17:52:42', '获取值班列表', '3', '127.0.0.1');
INSERT INTO `oplog` VALUES ('298', '2019-07-22 17:52:42', '分页获取系统消息', '3', '127.0.0.1');
INSERT INTO `oplog` VALUES ('299', '2019-07-22 17:58:19', '登录成功', '3', '127.0.0.1');
INSERT INTO `oplog` VALUES ('300', '2019-07-22 17:58:20', '获取菜单列表', '3', '127.0.0.1');
INSERT INTO `oplog` VALUES ('301', '2019-07-22 17:58:20', '分页获取系统消息', '3', '127.0.0.1');
INSERT INTO `oplog` VALUES ('302', '2019-07-22 17:58:23', '获取值班列表', '3', '127.0.0.1');
INSERT INTO `oplog` VALUES ('303', '2019-07-22 18:00:25', '获取菜单列表', '3', '127.0.0.1');
INSERT INTO `oplog` VALUES ('304', '2019-07-22 18:00:25', '获取菜单列表', '3', '127.0.0.1');
INSERT INTO `oplog` VALUES ('305', '2019-07-22 18:00:25', '获取值班列表', '3', '127.0.0.1');
INSERT INTO `oplog` VALUES ('306', '2019-07-22 18:00:26', '分页获取系统消息', '3', '127.0.0.1');
INSERT INTO `oplog` VALUES ('307', '2019-07-22 18:00:36', '获取值班列表', '3', '127.0.0.1');
INSERT INTO `oplog` VALUES ('308', '2019-07-22 18:00:40', '获取值班列表', '3', '127.0.0.1');
INSERT INTO `oplog` VALUES ('309', '2019-07-22 18:00:44', '获取值班列表', '3', '127.0.0.1');
INSERT INTO `oplog` VALUES ('310', '2019-07-22 18:00:52', '获取值班列表', '3', '127.0.0.1');
INSERT INTO `oplog` VALUES ('311', '2019-07-22 18:01:06', '获取菜单列表', '3', '127.0.0.1');
INSERT INTO `oplog` VALUES ('312', '2019-07-22 18:01:06', '获取菜单列表', '3', '127.0.0.1');
INSERT INTO `oplog` VALUES ('313', '2019-07-22 18:01:07', '获取值班列表', '3', '127.0.0.1');
INSERT INTO `oplog` VALUES ('314', '2019-07-22 18:01:07', '分页获取系统消息', '3', '127.0.0.1');
INSERT INTO `oplog` VALUES ('315', '2019-07-22 18:01:15', '获取值班列表', '3', '127.0.0.1');
INSERT INTO `oplog` VALUES ('316', '2019-07-22 18:04:55', '获取值班列表', '3', '127.0.0.1');
INSERT INTO `oplog` VALUES ('317', '2019-07-22 18:04:55', '登录成功', '3', '127.0.0.1');
INSERT INTO `oplog` VALUES ('318', '2019-07-22 18:05:13', '登录成功', '3', '127.0.0.1');
INSERT INTO `oplog` VALUES ('319', '2019-07-22 18:05:13', '获取菜单列表', '3', '127.0.0.1');
INSERT INTO `oplog` VALUES ('320', '2019-07-22 18:05:14', '获取菜单列表', '3', '127.0.0.1');
INSERT INTO `oplog` VALUES ('321', '2019-07-22 18:05:26', '获取值班列表', '3', '127.0.0.1');
INSERT INTO `oplog` VALUES ('322', '2019-07-22 18:05:26', '分页获取系统消息', '3', '127.0.0.1');
INSERT INTO `oplog` VALUES ('323', '2019-07-22 18:05:37', '获取值班列表', '3', '127.0.0.1');
INSERT INTO `oplog` VALUES ('324', '2019-07-23 09:43:23', '登录成功', '3', '127.0.0.1');
INSERT INTO `oplog` VALUES ('325', '2019-07-23 09:43:25', '获取菜单列表', '3', '127.0.0.1');
INSERT INTO `oplog` VALUES ('326', '2019-07-23 09:43:25', '分页获取系统消息', '3', '127.0.0.1');
INSERT INTO `oplog` VALUES ('327', '2019-07-23 09:43:32', '获取值班列表', '3', '127.0.0.1');
INSERT INTO `oplog` VALUES ('328', '2019-07-23 09:43:41', '获取值班列表', '3', '127.0.0.1');
INSERT INTO `oplog` VALUES ('329', '2019-07-23 09:49:48', '获取菜单列表', '3', '127.0.0.1');
INSERT INTO `oplog` VALUES ('330', '2019-07-23 09:49:49', '获取菜单列表', '3', '127.0.0.1');
INSERT INTO `oplog` VALUES ('331', '2019-07-23 09:49:49', '分页获取系统消息', '3', '127.0.0.1');
INSERT INTO `oplog` VALUES ('332', '2019-07-23 09:49:49', '获取值班列表', '3', '127.0.0.1');
INSERT INTO `oplog` VALUES ('333', '2019-07-23 09:50:31', '获取值班列表', '3', '127.0.0.1');
INSERT INTO `oplog` VALUES ('334', '2019-07-23 09:51:20', '获取值班列表', '3', '127.0.0.1');
INSERT INTO `oplog` VALUES ('335', '2019-07-23 09:51:24', '获取菜单列表', '3', '127.0.0.1');
INSERT INTO `oplog` VALUES ('336', '2019-07-23 09:51:24', '获取菜单列表', '3', '127.0.0.1');
INSERT INTO `oplog` VALUES ('337', '2019-07-23 09:51:24', '获取值班列表', '3', '127.0.0.1');
INSERT INTO `oplog` VALUES ('338', '2019-07-23 09:51:24', '分页获取系统消息', '3', '127.0.0.1');
INSERT INTO `oplog` VALUES ('339', '2019-07-23 10:27:01', '登录成功', '3', '127.0.0.1');
INSERT INTO `oplog` VALUES ('340', '2019-07-23 10:27:02', '获取菜单列表', '3', '127.0.0.1');
INSERT INTO `oplog` VALUES ('341', '2019-07-23 10:27:02', '分页获取系统消息', '3', '127.0.0.1');
INSERT INTO `oplog` VALUES ('342', '2019-07-23 10:27:10', '获取值班列表', '3', '127.0.0.1');
INSERT INTO `oplog` VALUES ('343', '2019-07-23 10:27:22', '获取菜单列表', '3', '127.0.0.1');
INSERT INTO `oplog` VALUES ('344', '2019-07-23 10:27:22', '获取菜单列表', '3', '127.0.0.1');
INSERT INTO `oplog` VALUES ('345', '2019-07-23 10:27:22', '分页获取系统消息', '3', '127.0.0.1');
INSERT INTO `oplog` VALUES ('346', '2019-07-23 10:28:24', '获取员工列表', '3', '127.0.0.1');
INSERT INTO `oplog` VALUES ('347', '2019-07-23 10:37:04', '登录成功', '3', '127.0.0.1');
INSERT INTO `oplog` VALUES ('348', '2019-07-23 10:37:04', '分页获取系统消息', '3', '127.0.0.1');
INSERT INTO `oplog` VALUES ('349', '2019-07-23 10:37:04', '获取菜单列表', '3', '127.0.0.1');
INSERT INTO `oplog` VALUES ('350', '2019-07-23 10:37:14', '获取员工列表', '3', '127.0.0.1');
INSERT INTO `oplog` VALUES ('351', '2019-07-23 10:39:09', '获取菜单列表', '3', '127.0.0.1');
INSERT INTO `oplog` VALUES ('352', '2019-07-23 10:39:10', '获取菜单列表', '3', '127.0.0.1');
INSERT INTO `oplog` VALUES ('353', '2019-07-23 10:39:12', '获取员工列表', '3', '127.0.0.1');
INSERT INTO `oplog` VALUES ('354', '2019-07-23 10:39:12', '分页获取系统消息', '3', '127.0.0.1');
INSERT INTO `oplog` VALUES ('355', '2019-07-23 10:42:49', '获取员工列表', '3', '127.0.0.1');
INSERT INTO `oplog` VALUES ('356', '2019-07-23 10:44:39', '获取菜单列表', '3', '127.0.0.1');
INSERT INTO `oplog` VALUES ('357', '2019-07-23 10:44:40', '获取菜单列表', '3', '127.0.0.1');
INSERT INTO `oplog` VALUES ('358', '2019-07-23 10:44:40', '获取员工列表', '3', '127.0.0.1');
INSERT INTO `oplog` VALUES ('359', '2019-07-23 10:44:40', '分页获取系统消息', '3', '127.0.0.1');
INSERT INTO `oplog` VALUES ('360', '2019-07-23 10:46:04', '获取菜单列表', '3', '127.0.0.1');
INSERT INTO `oplog` VALUES ('361', '2019-07-23 10:46:05', '获取菜单列表', '3', '127.0.0.1');
INSERT INTO `oplog` VALUES ('362', '2019-07-23 10:46:05', '获取员工列表', '3', '127.0.0.1');
INSERT INTO `oplog` VALUES ('363', '2019-07-23 10:46:05', '分页获取系统消息', '3', '127.0.0.1');
INSERT INTO `oplog` VALUES ('364', '2019-07-23 10:46:20', '获取菜单列表', '3', '127.0.0.1');
INSERT INTO `oplog` VALUES ('365', '2019-07-23 10:46:20', '获取菜单列表', '3', '127.0.0.1');
INSERT INTO `oplog` VALUES ('366', '2019-07-23 10:46:20', '获取员工列表', '3', '127.0.0.1');
INSERT INTO `oplog` VALUES ('367', '2019-07-23 10:46:21', '分页获取系统消息', '3', '127.0.0.1');
INSERT INTO `oplog` VALUES ('368', '2019-07-23 10:47:57', '获取菜单列表', '3', '127.0.0.1');
INSERT INTO `oplog` VALUES ('369', '2019-07-23 10:47:57', '获取菜单列表', '3', '127.0.0.1');
INSERT INTO `oplog` VALUES ('370', '2019-07-23 10:47:58', '获取员工列表', '3', '127.0.0.1');
INSERT INTO `oplog` VALUES ('371', '2019-07-23 10:47:58', '分页获取系统消息', '3', '127.0.0.1');
INSERT INTO `oplog` VALUES ('372', '2019-07-23 10:49:09', '获取菜单列表', '3', '127.0.0.1');
INSERT INTO `oplog` VALUES ('373', '2019-07-23 10:49:09', '获取菜单列表', '3', '127.0.0.1');
INSERT INTO `oplog` VALUES ('374', '2019-07-23 10:49:09', '获取员工列表', '3', '127.0.0.1');
INSERT INTO `oplog` VALUES ('375', '2019-07-23 10:49:09', '分页获取系统消息', '3', '127.0.0.1');
INSERT INTO `oplog` VALUES ('376', '2019-07-23 10:52:33', '获取菜单列表', '3', '127.0.0.1');
INSERT INTO `oplog` VALUES ('377', '2019-07-23 10:52:33', '获取菜单列表', '3', '127.0.0.1');
INSERT INTO `oplog` VALUES ('378', '2019-07-23 10:52:33', '获取员工列表', '3', '127.0.0.1');
INSERT INTO `oplog` VALUES ('379', '2019-07-23 10:52:33', '分页获取系统消息', '3', '127.0.0.1');
INSERT INTO `oplog` VALUES ('380', '2019-07-23 10:54:14', '获取员工列表', '3', '127.0.0.1');
INSERT INTO `oplog` VALUES ('381', '2019-07-23 10:57:21', '获取员工列表', '3', '127.0.0.1');
INSERT INTO `oplog` VALUES ('382', '2019-07-23 10:57:47', '获取员工列表', '3', '127.0.0.1');
INSERT INTO `oplog` VALUES ('383', '2019-07-23 10:57:51', '获取菜单列表', '3', '127.0.0.1');
INSERT INTO `oplog` VALUES ('384', '2019-07-23 10:57:52', '获取菜单列表', '3', '127.0.0.1');
INSERT INTO `oplog` VALUES ('385', '2019-07-23 10:57:52', '获取员工列表', '3', '127.0.0.1');
INSERT INTO `oplog` VALUES ('386', '2019-07-23 10:57:52', '分页获取系统消息', '3', '127.0.0.1');
INSERT INTO `oplog` VALUES ('387', '2019-07-23 10:59:00', '获取菜单列表', '3', '127.0.0.1');
INSERT INTO `oplog` VALUES ('388', '2019-07-23 10:59:01', '获取菜单列表', '3', '127.0.0.1');
INSERT INTO `oplog` VALUES ('389', '2019-07-23 10:59:01', '获取员工列表', '3', '127.0.0.1');
INSERT INTO `oplog` VALUES ('390', '2019-07-23 10:59:01', '分页获取系统消息', '3', '127.0.0.1');
INSERT INTO `oplog` VALUES ('391', '2019-07-23 10:59:28', '获取菜单列表', '3', '127.0.0.1');
INSERT INTO `oplog` VALUES ('392', '2019-07-23 10:59:28', '获取菜单列表', '3', '127.0.0.1');
INSERT INTO `oplog` VALUES ('393', '2019-07-23 10:59:31', '获取员工列表', '3', '127.0.0.1');
INSERT INTO `oplog` VALUES ('394', '2019-07-23 10:59:31', '分页获取系统消息', '3', '127.0.0.1');
INSERT INTO `oplog` VALUES ('395', '2019-07-23 11:05:44', '获取员工列表', '3', '127.0.0.1');
INSERT INTO `oplog` VALUES ('396', '2019-07-23 11:09:50', '登录成功', '3', '127.0.0.1');
INSERT INTO `oplog` VALUES ('397', '2019-07-23 11:09:51', '获取菜单列表', '3', '127.0.0.1');
INSERT INTO `oplog` VALUES ('398', '2019-07-23 11:09:52', '获取菜单列表', '3', '127.0.0.1');
INSERT INTO `oplog` VALUES ('399', '2019-07-23 11:09:57', '分页获取系统消息', '3', '127.0.0.1');
INSERT INTO `oplog` VALUES ('400', '2019-07-23 11:09:57', '获取员工列表', '3', '127.0.0.1');
INSERT INTO `oplog` VALUES ('401', '2019-07-23 11:32:13', '登录成功', '3', '127.0.0.1');
INSERT INTO `oplog` VALUES ('402', '2019-07-23 11:32:14', '获取菜单列表', '3', '127.0.0.1');
INSERT INTO `oplog` VALUES ('403', '2019-07-23 11:32:14', '获取菜单列表', '3', '127.0.0.1');
INSERT INTO `oplog` VALUES ('404', '2019-07-23 11:32:14', '获取员工列表', '3', '127.0.0.1');
INSERT INTO `oplog` VALUES ('405', '2019-07-23 11:32:14', '分页获取系统消息', '3', '127.0.0.1');
INSERT INTO `oplog` VALUES ('406', '2019-07-23 11:33:16', '获取菜单列表', '3', '127.0.0.1');
INSERT INTO `oplog` VALUES ('407', '2019-07-23 11:33:16', '获取菜单列表', '3', '127.0.0.1');
INSERT INTO `oplog` VALUES ('408', '2019-07-23 11:33:16', '获取员工列表', '3', '127.0.0.1');
INSERT INTO `oplog` VALUES ('409', '2019-07-23 11:33:16', '分页获取系统消息', '3', '127.0.0.1');
INSERT INTO `oplog` VALUES ('410', '2019-07-23 11:38:00', '获取菜单列表', '3', '127.0.0.1');
INSERT INTO `oplog` VALUES ('411', '2019-07-23 11:38:01', '获取菜单列表', '3', '127.0.0.1');
INSERT INTO `oplog` VALUES ('412', '2019-07-23 11:38:01', '获取员工列表', '3', '127.0.0.1');
INSERT INTO `oplog` VALUES ('413', '2019-07-23 11:38:01', '分页获取系统消息', '3', '127.0.0.1');
INSERT INTO `oplog` VALUES ('414', '2019-07-23 11:38:32', '获取员工列表', '3', '127.0.0.1');
INSERT INTO `oplog` VALUES ('415', '2019-07-23 11:38:35', '获取菜单列表', '3', '127.0.0.1');
INSERT INTO `oplog` VALUES ('416', '2019-07-23 11:38:36', '获取菜单列表', '3', '127.0.0.1');
INSERT INTO `oplog` VALUES ('417', '2019-07-23 11:38:36', '获取员工列表', '3', '127.0.0.1');
INSERT INTO `oplog` VALUES ('418', '2019-07-23 11:38:36', '分页获取系统消息', '3', '127.0.0.1');
INSERT INTO `oplog` VALUES ('419', '2019-07-23 11:40:02', '登录成功', '3', '127.0.0.1');
INSERT INTO `oplog` VALUES ('420', '2019-07-23 11:40:03', '获取菜单列表', '3', '127.0.0.1');
INSERT INTO `oplog` VALUES ('421', '2019-07-23 11:40:03', '分页获取系统消息', '3', '127.0.0.1');
INSERT INTO `oplog` VALUES ('422', '2019-07-23 11:40:06', '获取员工列表', '3', '127.0.0.1');
INSERT INTO `oplog` VALUES ('423', '2019-07-23 11:42:10', '获取菜单列表', '3', '127.0.0.1');
INSERT INTO `oplog` VALUES ('424', '2019-07-23 11:42:11', '获取菜单列表', '3', '127.0.0.1');
INSERT INTO `oplog` VALUES ('425', '2019-07-23 11:42:11', '获取员工列表', '3', '127.0.0.1');
INSERT INTO `oplog` VALUES ('426', '2019-07-23 11:42:11', '分页获取系统消息', '3', '127.0.0.1');
INSERT INTO `oplog` VALUES ('427', '2019-07-23 11:42:50', '获取员工列表', '3', '127.0.0.1');
INSERT INTO `oplog` VALUES ('428', '2019-07-23 11:44:23', '登录成功', '3', '127.0.0.1');
INSERT INTO `oplog` VALUES ('429', '2019-07-23 11:44:23', '获取菜单列表', '3', '127.0.0.1');
INSERT INTO `oplog` VALUES ('430', '2019-07-23 11:44:24', '分页获取系统消息', '3', '127.0.0.1');
INSERT INTO `oplog` VALUES ('431', '2019-07-23 11:44:29', '获取员工列表', '3', '127.0.0.1');
INSERT INTO `oplog` VALUES ('432', '2019-07-23 11:46:25', '获取员工列表', '3', '127.0.0.1');
INSERT INTO `oplog` VALUES ('433', '2019-07-23 11:46:30', '获取菜单列表', '3', '127.0.0.1');
INSERT INTO `oplog` VALUES ('434', '2019-07-23 11:46:30', '获取菜单列表', '3', '127.0.0.1');
INSERT INTO `oplog` VALUES ('435', '2019-07-23 11:46:30', '获取员工列表', '3', '127.0.0.1');
INSERT INTO `oplog` VALUES ('436', '2019-07-23 11:46:30', '分页获取系统消息', '3', '127.0.0.1');
INSERT INTO `oplog` VALUES ('437', '2019-07-23 11:47:26', '获取菜单列表', '3', '127.0.0.1');
INSERT INTO `oplog` VALUES ('438', '2019-07-23 11:47:26', '获取菜单列表', '3', '127.0.0.1');
INSERT INTO `oplog` VALUES ('439', '2019-07-23 11:47:26', '获取员工列表', '3', '127.0.0.1');
INSERT INTO `oplog` VALUES ('440', '2019-07-23 11:47:26', '分页获取系统消息', '3', '127.0.0.1');
INSERT INTO `oplog` VALUES ('441', '2019-07-23 11:49:31', '获取员工列表', '3', '127.0.0.1');
INSERT INTO `oplog` VALUES ('442', '2019-07-23 11:50:49', '获取菜单列表', '3', '127.0.0.1');
INSERT INTO `oplog` VALUES ('443', '2019-07-23 11:50:49', '获取菜单列表', '3', '127.0.0.1');
INSERT INTO `oplog` VALUES ('444', '2019-07-23 11:50:49', '获取员工列表', '3', '127.0.0.1');
INSERT INTO `oplog` VALUES ('445', '2019-07-23 11:50:49', '分页获取系统消息', '3', '127.0.0.1');
INSERT INTO `oplog` VALUES ('446', '2019-07-23 11:52:36', '获取员工列表', '3', '127.0.0.1');
INSERT INTO `oplog` VALUES ('447', '2019-07-23 11:52:40', '获取菜单列表', '3', '127.0.0.1');
INSERT INTO `oplog` VALUES ('448', '2019-07-23 11:52:41', '获取菜单列表', '3', '127.0.0.1');
INSERT INTO `oplog` VALUES ('449', '2019-07-23 11:52:41', '获取员工列表', '3', '127.0.0.1');
INSERT INTO `oplog` VALUES ('450', '2019-07-23 11:52:41', '分页获取系统消息', '3', '127.0.0.1');
INSERT INTO `oplog` VALUES ('451', '2019-07-23 11:54:22', '获取菜单列表', '3', '127.0.0.1');
INSERT INTO `oplog` VALUES ('452', '2019-07-23 11:54:22', '获取菜单列表', '3', '127.0.0.1');
INSERT INTO `oplog` VALUES ('453', '2019-07-23 11:54:22', '获取员工列表', '3', '127.0.0.1');
INSERT INTO `oplog` VALUES ('454', '2019-07-23 11:54:44', '分页获取系统消息', '3', '127.0.0.1');
INSERT INTO `oplog` VALUES ('455', '2019-07-23 12:00:29', '获取员工列表', '3', '127.0.0.1');
INSERT INTO `oplog` VALUES ('456', '2019-07-23 12:03:21', '获取员工列表', '3', '127.0.0.1');
INSERT INTO `oplog` VALUES ('457', '2019-07-23 12:03:36', '获取员工列表', '3', '127.0.0.1');
INSERT INTO `oplog` VALUES ('458', '2019-07-23 12:03:50', '获取员工列表', '3', '127.0.0.1');
INSERT INTO `oplog` VALUES ('459', '2019-07-23 12:04:39', '获取员工列表', '3', '127.0.0.1');
INSERT INTO `oplog` VALUES ('460', '2019-07-23 12:04:51', '获取员工列表', '3', '127.0.0.1');
INSERT INTO `oplog` VALUES ('461', '2019-07-23 12:30:23', '获取员工列表', '3', '127.0.0.1');
INSERT INTO `oplog` VALUES ('462', '2019-07-23 12:31:18', '获取员工列表', '3', '127.0.0.1');
INSERT INTO `oplog` VALUES ('463', '2019-07-23 12:31:35', '获取员工列表', '3', '127.0.0.1');
INSERT INTO `oplog` VALUES ('464', '2019-07-23 12:31:45', '获取员工列表', '3', '127.0.0.1');
INSERT INTO `oplog` VALUES ('465', '2019-07-23 12:37:23', '获取员工列表', '3', '127.0.0.1');
INSERT INTO `oplog` VALUES ('466', '2019-07-23 12:37:27', '获取菜单列表', '3', '127.0.0.1');
INSERT INTO `oplog` VALUES ('467', '2019-07-23 12:37:27', '获取菜单列表', '3', '127.0.0.1');
INSERT INTO `oplog` VALUES ('468', '2019-07-23 12:37:27', '获取员工列表', '3', '127.0.0.1');
INSERT INTO `oplog` VALUES ('469', '2019-07-23 12:37:27', '分页获取系统消息', '3', '127.0.0.1');
INSERT INTO `oplog` VALUES ('470', '2019-07-23 12:38:30', '获取菜单列表', '3', '127.0.0.1');
INSERT INTO `oplog` VALUES ('471', '2019-07-23 12:38:30', '获取菜单列表', '3', '127.0.0.1');
INSERT INTO `oplog` VALUES ('472', '2019-07-23 12:38:30', '获取员工列表', '3', '127.0.0.1');
INSERT INTO `oplog` VALUES ('473', '2019-07-23 12:38:30', '分页获取系统消息', '3', '127.0.0.1');
INSERT INTO `oplog` VALUES ('474', '2019-07-23 12:41:28', '获取员工列表', '3', '127.0.0.1');
INSERT INTO `oplog` VALUES ('475', '2019-07-23 12:43:55', '获取员工列表', '3', '127.0.0.1');
INSERT INTO `oplog` VALUES ('476', '2019-07-23 12:44:27', '获取员工列表', '3', '127.0.0.1');
INSERT INTO `oplog` VALUES ('477', '2019-07-23 12:44:31', '获取菜单列表', '3', '127.0.0.1');
INSERT INTO `oplog` VALUES ('478', '2019-07-23 12:44:31', '获取菜单列表', '3', '127.0.0.1');
INSERT INTO `oplog` VALUES ('479', '2019-07-23 12:44:31', '获取员工列表', '3', '127.0.0.1');
INSERT INTO `oplog` VALUES ('480', '2019-07-23 12:44:31', '分页获取系统消息', '3', '127.0.0.1');
INSERT INTO `oplog` VALUES ('481', '2019-07-23 12:47:31', '获取菜单列表', '3', '127.0.0.1');
INSERT INTO `oplog` VALUES ('482', '2019-07-23 12:47:31', '获取菜单列表', '3', '127.0.0.1');
INSERT INTO `oplog` VALUES ('483', '2019-07-23 12:47:31', '获取员工列表', '3', '127.0.0.1');
INSERT INTO `oplog` VALUES ('484', '2019-07-23 12:47:31', '分页获取系统消息', '3', '127.0.0.1');
INSERT INTO `oplog` VALUES ('485', '2019-07-23 12:52:19', '获取员工列表', '3', '127.0.0.1');
INSERT INTO `oplog` VALUES ('486', '2019-07-23 12:52:23', '获取菜单列表', '3', '127.0.0.1');
INSERT INTO `oplog` VALUES ('487', '2019-07-23 12:52:23', '获取菜单列表', '3', '127.0.0.1');
INSERT INTO `oplog` VALUES ('488', '2019-07-23 12:52:23', '获取员工列表', '3', '127.0.0.1');
INSERT INTO `oplog` VALUES ('489', '2019-07-23 12:52:24', '分页获取系统消息', '3', '127.0.0.1');
INSERT INTO `oplog` VALUES ('490', '2019-07-23 12:53:22', '获取员工列表', '3', '127.0.0.1');
INSERT INTO `oplog` VALUES ('491', '2019-07-23 12:53:27', '获取菜单列表', '3', '127.0.0.1');
INSERT INTO `oplog` VALUES ('492', '2019-07-23 12:53:27', '获取菜单列表', '3', '127.0.0.1');
INSERT INTO `oplog` VALUES ('493', '2019-07-23 12:53:27', '获取员工列表', '3', '127.0.0.1');
INSERT INTO `oplog` VALUES ('494', '2019-07-23 12:53:28', '分页获取系统消息', '3', '127.0.0.1');
INSERT INTO `oplog` VALUES ('495', '2019-07-23 12:55:24', '获取员工列表', '3', '127.0.0.1');
INSERT INTO `oplog` VALUES ('496', '2019-07-23 12:55:28', '获取菜单列表', '3', '127.0.0.1');
INSERT INTO `oplog` VALUES ('497', '2019-07-23 12:55:28', '获取菜单列表', '3', '127.0.0.1');
INSERT INTO `oplog` VALUES ('498', '2019-07-23 12:55:28', '获取员工列表', '3', '127.0.0.1');
INSERT INTO `oplog` VALUES ('499', '2019-07-23 12:55:28', '分页获取系统消息', '3', '127.0.0.1');
INSERT INTO `oplog` VALUES ('500', '2019-07-23 12:55:40', '获取员工列表', '3', '127.0.0.1');
INSERT INTO `oplog` VALUES ('501', '2019-07-23 12:55:49', '获取菜单列表', '3', '127.0.0.1');
INSERT INTO `oplog` VALUES ('502', '2019-07-23 12:55:49', '获取菜单列表', '3', '127.0.0.1');
INSERT INTO `oplog` VALUES ('503', '2019-07-23 12:55:49', '获取员工列表', '3', '127.0.0.1');
INSERT INTO `oplog` VALUES ('504', '2019-07-23 12:55:50', '分页获取系统消息', '3', '127.0.0.1');
INSERT INTO `oplog` VALUES ('505', '2019-07-23 12:56:34', '登录成功', '3', '127.0.0.1');
INSERT INTO `oplog` VALUES ('506', '2019-07-23 12:56:34', '获取菜单列表', '3', '127.0.0.1');
INSERT INTO `oplog` VALUES ('507', '2019-07-23 12:56:35', '分页获取系统消息', '3', '127.0.0.1');
INSERT INTO `oplog` VALUES ('508', '2019-07-23 12:56:37', '获取值班列表', '3', '127.0.0.1');
INSERT INTO `oplog` VALUES ('509', '2019-07-23 12:56:38', '获取员工列表', '3', '127.0.0.1');
INSERT INTO `oplog` VALUES ('510', '2019-07-23 12:59:52', '获取员工列表', '3', '127.0.0.1');
INSERT INTO `oplog` VALUES ('511', '2019-07-23 13:02:13', '获取员工列表', '3', '127.0.0.1');
INSERT INTO `oplog` VALUES ('512', '2019-07-23 13:02:31', '获取员工列表', '3', '127.0.0.1');
INSERT INTO `oplog` VALUES ('513', '2019-07-23 13:02:46', '获取员工列表', '3', '127.0.0.1');
INSERT INTO `oplog` VALUES ('514', '2019-07-23 13:03:17', '获取员工列表', '3', '127.0.0.1');
INSERT INTO `oplog` VALUES ('515', '2019-07-23 13:03:32', '获取员工列表', '3', '127.0.0.1');
INSERT INTO `oplog` VALUES ('516', '2019-07-23 13:11:17', '获取菜单列表', '3', '127.0.0.1');
INSERT INTO `oplog` VALUES ('517', '2019-07-23 13:11:17', '获取菜单列表', '3', '127.0.0.1');
INSERT INTO `oplog` VALUES ('518', '2019-07-23 13:11:17', '获取员工列表', '3', '127.0.0.1');
INSERT INTO `oplog` VALUES ('519', '2019-07-23 13:11:18', '分页获取系统消息', '3', '127.0.0.1');
INSERT INTO `oplog` VALUES ('520', '2019-07-23 13:29:05', '登录成功', '3', '127.0.0.1');
INSERT INTO `oplog` VALUES ('521', '2019-07-23 13:29:05', '获取菜单列表', '3', '127.0.0.1');
INSERT INTO `oplog` VALUES ('522', '2019-07-23 13:29:05', '分页获取系统消息', '3', '127.0.0.1');
INSERT INTO `oplog` VALUES ('523', '2019-07-23 13:29:13', '获取值班列表', '3', '127.0.0.1');
INSERT INTO `oplog` VALUES ('524', '2019-07-23 13:29:15', '获取员工列表', '3', '127.0.0.1');
INSERT INTO `oplog` VALUES ('525', '2019-07-23 13:35:04', '获取菜单列表', '3', '127.0.0.1');
INSERT INTO `oplog` VALUES ('526', '2019-07-23 13:35:04', '获取菜单列表', '3', '127.0.0.1');
INSERT INTO `oplog` VALUES ('527', '2019-07-23 13:35:04', '获取员工列表', '3', '127.0.0.1');
INSERT INTO `oplog` VALUES ('528', '2019-07-23 13:35:04', '分页获取系统消息', '3', '127.0.0.1');
INSERT INTO `oplog` VALUES ('529', '2019-07-23 13:40:35', '登录成功', '3', '127.0.0.1');
INSERT INTO `oplog` VALUES ('530', '2019-07-23 13:40:36', '获取菜单列表', '3', '127.0.0.1');
INSERT INTO `oplog` VALUES ('531', '2019-07-23 13:40:36', '分页获取系统消息', '3', '127.0.0.1');
INSERT INTO `oplog` VALUES ('532', '2019-07-23 13:40:38', '获取值班列表', '3', '127.0.0.1');
INSERT INTO `oplog` VALUES ('533', '2019-07-23 13:40:40', '获取员工列表', '3', '127.0.0.1');
INSERT INTO `oplog` VALUES ('534', '2019-07-23 13:44:17', '登录成功', '3', '127.0.0.1');
INSERT INTO `oplog` VALUES ('535', '2019-07-23 13:44:17', '获取菜单列表', '3', '127.0.0.1');
INSERT INTO `oplog` VALUES ('536', '2019-07-23 13:44:18', '分页获取系统消息', '3', '127.0.0.1');
INSERT INTO `oplog` VALUES ('537', '2019-07-23 13:44:23', '获取员工列表', '3', '127.0.0.1');
INSERT INTO `oplog` VALUES ('538', '2019-07-23 13:46:58', '登录成功', '3', '127.0.0.1');
INSERT INTO `oplog` VALUES ('539', '2019-07-23 13:46:58', '获取菜单列表', '3', '127.0.0.1');
INSERT INTO `oplog` VALUES ('540', '2019-07-23 13:46:58', '分页获取系统消息', '3', '127.0.0.1');
INSERT INTO `oplog` VALUES ('541', '2019-07-23 13:47:02', '获取员工列表', '3', '127.0.0.1');
INSERT INTO `oplog` VALUES ('542', '2019-07-23 13:50:25', '登录成功', '3', '127.0.0.1');
INSERT INTO `oplog` VALUES ('543', '2019-07-23 13:50:25', '获取菜单列表', '3', '127.0.0.1');
INSERT INTO `oplog` VALUES ('544', '2019-07-23 13:50:25', '分页获取系统消息', '3', '127.0.0.1');
INSERT INTO `oplog` VALUES ('545', '2019-07-23 13:50:29', '获取员工列表', '3', '127.0.0.1');
INSERT INTO `oplog` VALUES ('546', '2019-07-23 13:54:01', '登录成功', '3', '127.0.0.1');
INSERT INTO `oplog` VALUES ('547', '2019-07-23 13:54:01', '分页获取系统消息', '3', '127.0.0.1');
INSERT INTO `oplog` VALUES ('548', '2019-07-23 13:54:01', '获取菜单列表', '3', '127.0.0.1');
INSERT INTO `oplog` VALUES ('549', '2019-07-23 13:54:03', '获取员工列表', '3', '127.0.0.1');
INSERT INTO `oplog` VALUES ('550', '2019-07-23 14:02:56', '登录成功', '3', '127.0.0.1');
INSERT INTO `oplog` VALUES ('551', '2019-07-23 14:02:56', '获取菜单列表', '3', '127.0.0.1');
INSERT INTO `oplog` VALUES ('552', '2019-07-23 14:02:56', '分页获取系统消息', '3', '127.0.0.1');
INSERT INTO `oplog` VALUES ('553', '2019-07-23 14:02:58', '获取值班列表', '3', '127.0.0.1');
INSERT INTO `oplog` VALUES ('554', '2019-07-23 14:03:01', '获取员工列表', '3', '127.0.0.1');
INSERT INTO `oplog` VALUES ('555', '2019-07-23 14:06:37', '登录成功', '3', '127.0.0.1');
INSERT INTO `oplog` VALUES ('556', '2019-07-23 14:06:38', '获取菜单列表', '3', '127.0.0.1');
INSERT INTO `oplog` VALUES ('557', '2019-07-23 14:06:38', '分页获取系统消息', '3', '127.0.0.1');
INSERT INTO `oplog` VALUES ('558', '2019-07-23 14:06:40', '获取员工列表', '3', '127.0.0.1');
INSERT INTO `oplog` VALUES ('559', '2019-07-23 14:12:25', '登录成功', '3', '127.0.0.1');
INSERT INTO `oplog` VALUES ('560', '2019-07-23 14:12:26', '获取菜单列表', '3', '127.0.0.1');
INSERT INTO `oplog` VALUES ('561', '2019-07-23 14:12:26', '分页获取系统消息', '3', '127.0.0.1');
INSERT INTO `oplog` VALUES ('562', '2019-07-23 14:12:28', '获取员工列表', '3', '127.0.0.1');
INSERT INTO `oplog` VALUES ('563', '2019-07-23 14:22:37', '登录成功', '3', '127.0.0.1');
INSERT INTO `oplog` VALUES ('564', '2019-07-23 14:22:37', '分页获取系统消息', '3', '127.0.0.1');
INSERT INTO `oplog` VALUES ('565', '2019-07-23 14:22:37', '获取菜单列表', '3', '127.0.0.1');
INSERT INTO `oplog` VALUES ('566', '2019-07-23 14:22:40', '获取值班列表', '3', '127.0.0.1');
INSERT INTO `oplog` VALUES ('567', '2019-07-23 14:22:42', '获取员工列表', '3', '127.0.0.1');
INSERT INTO `oplog` VALUES ('568', '2019-07-23 14:25:12', '登录成功', '3', '127.0.0.1');
INSERT INTO `oplog` VALUES ('569', '2019-07-23 14:25:12', '获取菜单列表', '3', '127.0.0.1');
INSERT INTO `oplog` VALUES ('570', '2019-07-23 14:25:12', '分页获取系统消息', '3', '127.0.0.1');
INSERT INTO `oplog` VALUES ('571', '2019-07-23 14:25:15', '获取员工列表', '3', '127.0.0.1');
INSERT INTO `oplog` VALUES ('572', '2019-07-23 14:36:11', '登录成功', '3', '127.0.0.1');
INSERT INTO `oplog` VALUES ('573', '2019-07-23 14:36:12', '分页获取系统消息', '3', '127.0.0.1');
INSERT INTO `oplog` VALUES ('574', '2019-07-23 14:36:12', '获取菜单列表', '3', '127.0.0.1');
INSERT INTO `oplog` VALUES ('575', '2019-07-23 14:36:15', '获取员工列表', '3', '127.0.0.1');
INSERT INTO `oplog` VALUES ('576', '2019-07-23 14:38:20', '登录成功', '3', '127.0.0.1');
INSERT INTO `oplog` VALUES ('577', '2019-07-23 14:38:20', '获取菜单列表', '3', '127.0.0.1');
INSERT INTO `oplog` VALUES ('578', '2019-07-23 14:38:21', '分页获取系统消息', '3', '127.0.0.1');
INSERT INTO `oplog` VALUES ('579', '2019-07-23 14:38:26', '获取员工列表', '3', '127.0.0.1');
INSERT INTO `oplog` VALUES ('580', '2019-07-23 14:42:21', '登录成功', '3', '127.0.0.1');
INSERT INTO `oplog` VALUES ('581', '2019-07-23 14:42:21', '获取菜单列表', '3', '127.0.0.1');
INSERT INTO `oplog` VALUES ('582', '2019-07-23 14:42:22', '分页获取系统消息', '3', '127.0.0.1');
INSERT INTO `oplog` VALUES ('583', '2019-07-23 14:42:24', '获取员工列表', '3', '127.0.0.1');
INSERT INTO `oplog` VALUES ('584', '2019-07-23 14:47:33', '登录成功', '3', '127.0.0.1');
INSERT INTO `oplog` VALUES ('585', '2019-07-23 14:47:35', '获取菜单列表', '3', '127.0.0.1');
INSERT INTO `oplog` VALUES ('586', '2019-07-23 14:47:35', '分页获取系统消息', '3', '127.0.0.1');
INSERT INTO `oplog` VALUES ('587', '2019-07-23 14:47:37', '获取值班列表', '3', '127.0.0.1');
INSERT INTO `oplog` VALUES ('588', '2019-07-23 14:47:45', '获取员工列表', '3', '127.0.0.1');
INSERT INTO `oplog` VALUES ('589', '2019-07-23 15:05:42', '登录成功', '3', '127.0.0.1');
INSERT INTO `oplog` VALUES ('590', '2019-07-23 15:05:44', '获取菜单列表', '3', '127.0.0.1');
INSERT INTO `oplog` VALUES ('591', '2019-07-23 15:05:44', '分页获取系统消息', '3', '127.0.0.1');
INSERT INTO `oplog` VALUES ('592', '2019-07-23 15:05:47', '获取值班列表', '3', '127.0.0.1');
INSERT INTO `oplog` VALUES ('593', '2019-07-23 15:05:50', '获取员工列表', '3', '127.0.0.1');
INSERT INTO `oplog` VALUES ('594', '2019-07-23 15:12:09', '获取员工列表', '3', '127.0.0.1');
INSERT INTO `oplog` VALUES ('595', '2019-07-23 15:14:32', '登录成功', '3', '127.0.0.1');
INSERT INTO `oplog` VALUES ('596', '2019-07-23 15:14:32', '获取菜单列表', '3', '127.0.0.1');
INSERT INTO `oplog` VALUES ('597', '2019-07-23 15:14:33', '分页获取系统消息', '3', '127.0.0.1');
INSERT INTO `oplog` VALUES ('598', '2019-07-23 15:16:39', '登录成功', '3', '127.0.0.1');
INSERT INTO `oplog` VALUES ('599', '2019-07-23 15:16:40', '分页获取系统消息', '3', '127.0.0.1');
INSERT INTO `oplog` VALUES ('600', '2019-07-23 15:16:40', '获取菜单列表', '3', '127.0.0.1');
INSERT INTO `oplog` VALUES ('601', '2019-07-23 15:16:42', '获取员工列表', '3', '127.0.0.1');
INSERT INTO `oplog` VALUES ('602', '2019-07-23 15:45:58', '登录成功', '3', '127.0.0.1');
INSERT INTO `oplog` VALUES ('603', '2019-07-23 15:45:59', '获取菜单列表', '3', '127.0.0.1');
INSERT INTO `oplog` VALUES ('604', '2019-07-23 15:45:59', '分页获取系统消息', '3', '127.0.0.1');
INSERT INTO `oplog` VALUES ('605', '2019-07-23 15:46:05', '获取值班列表', '3', '127.0.0.1');
INSERT INTO `oplog` VALUES ('606', '2019-07-23 15:46:09', '获取员工列表', '3', '127.0.0.1');
INSERT INTO `oplog` VALUES ('607', '2019-07-23 15:52:56', '登录成功', '3', '127.0.0.1');
INSERT INTO `oplog` VALUES ('608', '2019-07-23 15:52:57', '获取菜单列表', '3', '127.0.0.1');
INSERT INTO `oplog` VALUES ('609', '2019-07-23 15:52:57', '分页获取系统消息', '3', '127.0.0.1');
INSERT INTO `oplog` VALUES ('610', '2019-07-23 15:52:59', '获取员工列表', '3', '127.0.0.1');
INSERT INTO `oplog` VALUES ('611', '2019-07-23 15:56:43', '登录成功', '3', '127.0.0.1');
INSERT INTO `oplog` VALUES ('612', '2019-07-23 15:56:43', '获取菜单列表', '3', '127.0.0.1');
INSERT INTO `oplog` VALUES ('613', '2019-07-23 15:56:43', '分页获取系统消息', '3', '127.0.0.1');
INSERT INTO `oplog` VALUES ('614', '2019-07-23 15:56:46', '获取值班列表', '3', '127.0.0.1');
INSERT INTO `oplog` VALUES ('615', '2019-07-23 15:56:48', '获取员工列表', '3', '127.0.0.1');
INSERT INTO `oplog` VALUES ('616', '2019-07-23 15:56:50', '获取值班列表', '3', '127.0.0.1');
INSERT INTO `oplog` VALUES ('617', '2019-07-23 15:56:51', '获取值班列表', '3', '127.0.0.1');
INSERT INTO `oplog` VALUES ('618', '2019-07-23 15:57:01', '获取值班列表', '3', '127.0.0.1');
INSERT INTO `oplog` VALUES ('619', '2019-07-23 15:57:06', '获取值班列表', '3', '127.0.0.1');
INSERT INTO `oplog` VALUES ('620', '2019-07-23 15:57:07', '获取员工列表', '3', '127.0.0.1');
INSERT INTO `oplog` VALUES ('621', '2019-07-23 15:57:09', '获取值班列表', '3', '127.0.0.1');
INSERT INTO `oplog` VALUES ('622', '2019-07-23 15:57:12', '获取员工列表', '3', '127.0.0.1');
INSERT INTO `oplog` VALUES ('623', '2019-07-23 16:06:37', '登录成功', '3', '127.0.0.1');
INSERT INTO `oplog` VALUES ('624', '2019-07-23 16:06:37', '获取菜单列表', '3', '127.0.0.1');
INSERT INTO `oplog` VALUES ('625', '2019-07-23 16:06:38', '分页获取系统消息', '3', '127.0.0.1');
INSERT INTO `oplog` VALUES ('626', '2019-07-23 16:06:41', '获取员工列表', '3', '127.0.0.1');
INSERT INTO `oplog` VALUES ('627', '2019-07-23 16:07:07', '获取值班列表', '3', '127.0.0.1');
INSERT INTO `oplog` VALUES ('628', '2019-07-23 16:07:15', '获取值班列表', '3', '127.0.0.1');
INSERT INTO `oplog` VALUES ('629', '2019-07-23 16:07:17', '获取值班列表', '3', '127.0.0.1');
INSERT INTO `oplog` VALUES ('630', '2019-07-23 16:07:21', '获取值班列表', '3', '127.0.0.1');
INSERT INTO `oplog` VALUES ('631', '2019-07-23 16:07:25', '获取值班列表', '3', '127.0.0.1');
INSERT INTO `oplog` VALUES ('632', '2019-07-23 16:07:30', '获取菜单列表', '3', '127.0.0.1');
INSERT INTO `oplog` VALUES ('633', '2019-07-23 16:07:31', '获取菜单列表', '3', '127.0.0.1');
INSERT INTO `oplog` VALUES ('634', '2019-07-23 16:07:31', '获取值班列表', '3', '127.0.0.1');
INSERT INTO `oplog` VALUES ('635', '2019-07-23 16:07:31', '分页获取系统消息', '3', '127.0.0.1');
INSERT INTO `oplog` VALUES ('636', '2019-07-23 16:10:05', '登录成功', '3', '127.0.0.1');
INSERT INTO `oplog` VALUES ('637', '2019-07-23 16:10:06', '获取菜单列表', '3', '127.0.0.1');
INSERT INTO `oplog` VALUES ('638', '2019-07-23 16:10:06', '分页获取系统消息', '3', '127.0.0.1');
INSERT INTO `oplog` VALUES ('639', '2019-07-23 16:10:10', '获取值班列表', '3', '127.0.0.1');
INSERT INTO `oplog` VALUES ('640', '2019-07-23 16:10:14', '获取值班列表', '3', '127.0.0.1');
INSERT INTO `oplog` VALUES ('641', '2019-07-23 16:10:17', '获取值班列表', '3', '127.0.0.1');
INSERT INTO `oplog` VALUES ('642', '2019-07-23 16:12:05', '获取菜单列表', '3', '127.0.0.1');
INSERT INTO `oplog` VALUES ('643', '2019-07-23 16:12:05', '获取菜单列表', '3', '127.0.0.1');
INSERT INTO `oplog` VALUES ('644', '2019-07-23 16:12:05', '分页获取系统消息', '3', '127.0.0.1');
INSERT INTO `oplog` VALUES ('645', '2019-07-23 16:12:07', '获取员工列表', '3', '127.0.0.1');
INSERT INTO `oplog` VALUES ('646', '2019-07-23 16:12:58', '获取值班列表', '3', '127.0.0.1');
INSERT INTO `oplog` VALUES ('647', '2019-07-23 16:13:09', '获取值班列表', '3', '127.0.0.1');
INSERT INTO `oplog` VALUES ('648', '2019-07-23 16:14:14', '获取角色列表', '3', '127.0.0.1');
INSERT INTO `oplog` VALUES ('649', '2019-07-23 16:14:14', '获取职称列表', '3', '127.0.0.1');
INSERT INTO `oplog` VALUES ('650', '2019-07-23 16:14:14', '获取职位列表', '3', '127.0.0.1');
INSERT INTO `oplog` VALUES ('651', '2019-07-23 16:14:14', '通过父级主键获取部门列表', '3', '127.0.0.1');
INSERT INTO `oplog` VALUES ('652', '2019-07-23 16:14:17', '获取值班列表', '3', '127.0.0.1');
INSERT INTO `oplog` VALUES ('653', '2019-07-23 16:18:07', '获取值班列表', '3', '127.0.0.1');
INSERT INTO `oplog` VALUES ('654', '2019-07-23 16:18:09', '获取值班列表', '3', '127.0.0.1');
INSERT INTO `oplog` VALUES ('655', '2019-07-23 16:18:11', '获取员工列表', '3', '127.0.0.1');
INSERT INTO `oplog` VALUES ('656', '2019-07-23 16:18:13', '获取值班列表', '3', '127.0.0.1');
INSERT INTO `oplog` VALUES ('657', '2019-07-23 16:18:19', '获取值班列表', '3', '127.0.0.1');
INSERT INTO `oplog` VALUES ('658', '2019-07-23 16:18:20', '获取值班列表', '3', '127.0.0.1');
INSERT INTO `oplog` VALUES ('659', '2019-07-23 16:19:42', '获取值班列表', '3', '127.0.0.1');
INSERT INTO `oplog` VALUES ('660', '2019-07-23 16:19:45', '获取菜单列表', '3', '127.0.0.1');
INSERT INTO `oplog` VALUES ('661', '2019-07-23 16:19:45', '获取菜单列表', '3', '127.0.0.1');
INSERT INTO `oplog` VALUES ('662', '2019-07-23 16:19:45', '获取值班列表', '3', '127.0.0.1');
INSERT INTO `oplog` VALUES ('663', '2019-07-23 16:19:45', '分页获取系统消息', '3', '127.0.0.1');
INSERT INTO `oplog` VALUES ('664', '2019-07-23 16:19:56', '获取值班列表', '3', '127.0.0.1');
INSERT INTO `oplog` VALUES ('665', '2019-07-23 16:19:58', '获取值班列表', '3', '127.0.0.1');
INSERT INTO `oplog` VALUES ('666', '2019-07-23 16:20:00', '获取值班列表', '3', '127.0.0.1');
INSERT INTO `oplog` VALUES ('667', '2019-07-23 16:20:01', '获取值班列表', '3', '127.0.0.1');
INSERT INTO `oplog` VALUES ('668', '2019-07-23 16:20:03', '获取值班列表', '3', '127.0.0.1');
INSERT INTO `oplog` VALUES ('669', '2019-07-23 16:20:15', '获取员工列表', '3', '127.0.0.1');
INSERT INTO `oplog` VALUES ('670', '2019-07-23 16:20:59', '获取值班列表', '3', '127.0.0.1');
INSERT INTO `oplog` VALUES ('671', '2019-07-23 16:24:30', '获取值班列表', '3', '127.0.0.1');
INSERT INTO `oplog` VALUES ('672', '2019-07-23 16:30:13', '获取菜单列表', '3', '127.0.0.1');
INSERT INTO `oplog` VALUES ('673', '2019-07-23 16:30:13', '获取菜单列表', '3', '127.0.0.1');
INSERT INTO `oplog` VALUES ('674', '2019-07-23 16:30:14', '获取值班列表', '3', '127.0.0.1');
INSERT INTO `oplog` VALUES ('675', '2019-07-23 16:30:35', '分页获取系统消息', '3', '127.0.0.1');
INSERT INTO `oplog` VALUES ('676', '2019-07-23 16:30:50', '获取菜单列表', '3', '127.0.0.1');
INSERT INTO `oplog` VALUES ('677', '2019-07-23 16:30:51', '获取菜单列表', '3', '127.0.0.1');
INSERT INTO `oplog` VALUES ('678', '2019-07-23 16:30:51', '获取值班列表', '3', '127.0.0.1');
INSERT INTO `oplog` VALUES ('679', '2019-07-23 16:30:51', '分页获取系统消息', '3', '127.0.0.1');
INSERT INTO `oplog` VALUES ('680', '2019-07-23 16:31:49', '获取菜单列表', '3', '127.0.0.1');
INSERT INTO `oplog` VALUES ('681', '2019-07-23 16:31:49', '获取菜单列表', '3', '127.0.0.1');
INSERT INTO `oplog` VALUES ('682', '2019-07-23 16:31:49', '获取值班列表', '3', '127.0.0.1');
INSERT INTO `oplog` VALUES ('683', '2019-07-23 16:31:49', '分页获取系统消息', '3', '127.0.0.1');
INSERT INTO `oplog` VALUES ('684', '2019-07-23 16:31:56', '获取值班列表', '3', '127.0.0.1');
INSERT INTO `oplog` VALUES ('685', '2019-07-23 16:31:58', '获取值班列表', '3', '127.0.0.1');
INSERT INTO `oplog` VALUES ('686', '2019-07-23 16:32:00', '获取值班列表', '3', '127.0.0.1');
INSERT INTO `oplog` VALUES ('687', '2019-07-23 16:32:02', '获取值班列表', '3', '127.0.0.1');
INSERT INTO `oplog` VALUES ('688', '2019-07-23 16:52:42', '登录成功', '3', '127.0.0.1');
INSERT INTO `oplog` VALUES ('689', '2019-07-23 16:52:42', '获取菜单列表', '3', '127.0.0.1');
INSERT INTO `oplog` VALUES ('690', '2019-07-23 16:52:42', '分页获取系统消息', '3', '127.0.0.1');
INSERT INTO `oplog` VALUES ('691', '2019-07-23 16:54:05', '获取菜单列表', '3', '127.0.0.1');
INSERT INTO `oplog` VALUES ('692', '2019-07-23 16:54:05', '获取菜单列表', '3', '127.0.0.1');
INSERT INTO `oplog` VALUES ('693', '2019-07-23 16:54:49', '分页获取系统消息', '3', '127.0.0.1');
INSERT INTO `oplog` VALUES ('694', '2019-07-23 16:55:53', '登录成功', '3', '127.0.0.1');
INSERT INTO `oplog` VALUES ('695', '2019-07-23 16:55:54', '获取菜单列表', '3', '127.0.0.1');
INSERT INTO `oplog` VALUES ('696', '2019-07-23 16:55:54', '分页获取系统消息', '3', '127.0.0.1');
INSERT INTO `oplog` VALUES ('697', '2019-07-23 16:56:22', '获取菜单列表', '3', '127.0.0.1');
INSERT INTO `oplog` VALUES ('698', '2019-07-23 16:56:22', '获取菜单列表', '3', '127.0.0.1');
INSERT INTO `oplog` VALUES ('699', '2019-07-23 16:56:22', '分页获取系统消息', '3', '127.0.0.1');
INSERT INTO `oplog` VALUES ('700', '2019-07-23 16:58:45', '登录成功', '3', '127.0.0.1');
INSERT INTO `oplog` VALUES ('701', '2019-07-23 16:58:46', '获取菜单列表', '3', '127.0.0.1');
INSERT INTO `oplog` VALUES ('702', '2019-07-23 16:58:46', '分页获取系统消息', '3', '127.0.0.1');
INSERT INTO `oplog` VALUES ('703', '2019-07-23 17:00:12', '登录成功', '3', '127.0.0.1');
INSERT INTO `oplog` VALUES ('704', '2019-07-23 17:00:12', '获取菜单列表', '3', '127.0.0.1');
INSERT INTO `oplog` VALUES ('705', '2019-07-23 17:00:12', '分页获取系统消息', '3', '127.0.0.1');
INSERT INTO `oplog` VALUES ('706', '2019-07-23 17:01:43', '获取菜单列表', '3', '127.0.0.1');
INSERT INTO `oplog` VALUES ('707', '2019-07-23 17:01:43', '获取菜单列表', '3', '127.0.0.1');
INSERT INTO `oplog` VALUES ('708', '2019-07-23 17:01:43', '分页获取系统消息', '3', '127.0.0.1');
INSERT INTO `oplog` VALUES ('709', '2019-07-23 17:06:05', '获取职位列表', '3', '127.0.0.1');
INSERT INTO `oplog` VALUES ('710', '2019-07-23 17:06:05', '获取职称列表', '3', '127.0.0.1');
INSERT INTO `oplog` VALUES ('711', '2019-07-23 17:06:05', '获取角色列表', '3', '127.0.0.1');
INSERT INTO `oplog` VALUES ('712', '2019-07-23 17:06:05', '通过父级主键获取部门列表', '3', '127.0.0.1');
INSERT INTO `oplog` VALUES ('713', '2019-07-23 17:06:14', '通过关键字获取Hr信息', '3', '127.0.0.1');
INSERT INTO `oplog` VALUES ('714', '2019-07-23 17:06:14', '获取角色列表', '3', '127.0.0.1');
INSERT INTO `oplog` VALUES ('715', '2019-07-23 17:06:39', '获取值班列表', '3', '127.0.0.1');
INSERT INTO `oplog` VALUES ('716', '2019-07-23 17:06:58', '获取员工列表', '3', '127.0.0.1');
INSERT INTO `oplog` VALUES ('717', '2019-07-23 17:07:02', '获取值班列表', '3', '127.0.0.1');
INSERT INTO `oplog` VALUES ('718', '2019-07-23 17:44:54', '登录成功', '3', '127.0.0.1');
INSERT INTO `oplog` VALUES ('719', '2019-07-23 17:44:54', '获取菜单列表', '3', '127.0.0.1');
INSERT INTO `oplog` VALUES ('720', '2019-07-23 17:44:55', '获取菜单列表', '3', '127.0.0.1');
INSERT INTO `oplog` VALUES ('721', '2019-07-23 17:44:55', '获取值班列表', '3', '127.0.0.1');
INSERT INTO `oplog` VALUES ('722', '2019-07-23 17:44:55', '分页获取系统消息', '3', '127.0.0.1');
INSERT INTO `oplog` VALUES ('723', '2019-07-23 17:45:20', '获取值班列表', '3', '127.0.0.1');
INSERT INTO `oplog` VALUES ('724', '2019-07-23 17:45:24', '获取值班列表', '3', '127.0.0.1');
INSERT INTO `oplog` VALUES ('725', '2019-07-23 17:45:26', '获取值班列表', '3', '127.0.0.1');
INSERT INTO `oplog` VALUES ('726', '2019-07-24 09:42:24', '登录成功', '3', '127.0.0.1');
INSERT INTO `oplog` VALUES ('727', '2019-07-24 09:42:25', '获取菜单列表', '3', '127.0.0.1');
INSERT INTO `oplog` VALUES ('728', '2019-07-24 09:42:26', '分页获取系统消息', '3', '127.0.0.1');
INSERT INTO `oplog` VALUES ('729', '2019-07-24 09:42:32', '获取值班列表', '3', '127.0.0.1');
INSERT INTO `oplog` VALUES ('730', '2019-07-24 09:43:04', '获取员工列表', '3', '127.0.0.1');
INSERT INTO `oplog` VALUES ('731', '2019-07-24 09:44:47', '获取值班列表', '3', '127.0.0.1');
INSERT INTO `oplog` VALUES ('732', '2019-07-24 09:45:10', '获取值班列表', '3', '127.0.0.1');
INSERT INTO `oplog` VALUES ('733', '2019-07-24 10:55:46', '登录成功', '3', '127.0.0.1');
INSERT INTO `oplog` VALUES ('734', '2019-07-24 10:55:47', '获取菜单列表', '3', '127.0.0.1');
INSERT INTO `oplog` VALUES ('735', '2019-07-24 10:55:47', '分页获取系统消息', '3', '127.0.0.1');
INSERT INTO `oplog` VALUES ('736', '2019-07-24 10:55:50', '获取值班列表', '3', '127.0.0.1');
INSERT INTO `oplog` VALUES ('737', '2019-07-24 10:55:51', '获取员工列表', '3', '127.0.0.1');
INSERT INTO `oplog` VALUES ('738', '2019-07-24 10:55:53', '获取值班列表', '3', '127.0.0.1');
INSERT INTO `oplog` VALUES ('739', '2019-07-24 10:56:00', '获取职位列表', '3', '127.0.0.1');
INSERT INTO `oplog` VALUES ('740', '2019-07-24 10:56:00', '通过父级主键获取部门列表', '3', '127.0.0.1');
INSERT INTO `oplog` VALUES ('741', '2019-07-24 10:56:00', '获取角色列表', '3', '127.0.0.1');
INSERT INTO `oplog` VALUES ('742', '2019-07-24 10:56:00', '获取职称列表', '3', '127.0.0.1');
INSERT INTO `oplog` VALUES ('743', '2019-07-24 10:56:14', '获取菜单目录', '3', '127.0.0.1');

-- ----------------------------
-- Table structure for politicsstatus
-- ----------------------------
DROP TABLE IF EXISTS `politicsstatus`;
CREATE TABLE `politicsstatus` (
  `id` int(11) NOT NULL AUTO_INCREMENT,
  `name` varchar(32) DEFAULT NULL,
  PRIMARY KEY (`id`)
) ENGINE=InnoDB AUTO_INCREMENT=14 DEFAULT CHARSET=utf8 COMMENT='政治面貌表';

-- ----------------------------
-- Records of politicsstatus
-- ----------------------------
INSERT INTO `politicsstatus` VALUES ('1', '中共党员');
INSERT INTO `politicsstatus` VALUES ('2', '中共预备党员');
INSERT INTO `politicsstatus` VALUES ('3', '共青团员');
INSERT INTO `politicsstatus` VALUES ('4', '民革党员');
INSERT INTO `politicsstatus` VALUES ('5', '民盟盟员');
INSERT INTO `politicsstatus` VALUES ('6', '民建会员');
INSERT INTO `politicsstatus` VALUES ('7', '民进会员');
INSERT INTO `politicsstatus` VALUES ('8', '农工党党员');
INSERT INTO `politicsstatus` VALUES ('9', '致公党党员');
INSERT INTO `politicsstatus` VALUES ('10', '九三学社社员');
INSERT INTO `politicsstatus` VALUES ('11', '台盟盟员');
INSERT INTO `politicsstatus` VALUES ('12', '无党派民主人士');
INSERT INTO `politicsstatus` VALUES ('13', '普通公民');

-- ----------------------------
-- Table structure for position
-- ----------------------------
DROP TABLE IF EXISTS `position`;
CREATE TABLE `position` (
  `id` int(11) NOT NULL AUTO_INCREMENT,
  `name` varchar(32) DEFAULT NULL COMMENT '职位',
  `createDate` datetime DEFAULT NULL COMMENT '创建时间',
  `enabled` tinyint(1) DEFAULT '1',
  PRIMARY KEY (`id`),
  UNIQUE KEY `name` (`name`)
) ENGINE=InnoDB AUTO_INCREMENT=35 DEFAULT CHARSET=utf8;

-- ----------------------------
-- Records of position
-- ----------------------------
INSERT INTO `position` VALUES ('29', '技术总监', '2018-01-11 21:13:42', '1');
INSERT INTO `position` VALUES ('30', '运营总监', '2018-01-11 21:13:48', '1');
INSERT INTO `position` VALUES ('31', '市场总监', '2018-01-11 21:13:56', '1');
INSERT INTO `position` VALUES ('32', '总经理', '2018-01-11 21:35:07', '1');
INSERT INTO `position` VALUES ('33', '研发工程师', '2018-01-14 16:07:11', '1');
INSERT INTO `position` VALUES ('34', '运维工程师', '2018-01-14 16:11:41', '1');

-- ----------------------------
-- Table structure for role
-- ----------------------------
DROP TABLE IF EXISTS `role`;
CREATE TABLE `role` (
  `id` bigint(20) NOT NULL AUTO_INCREMENT,
  `name` varchar(64) DEFAULT NULL,
  `nameZh` varchar(64) DEFAULT NULL COMMENT '角色名称',
  PRIMARY KEY (`id`)
) ENGINE=InnoDB AUTO_INCREMENT=15 DEFAULT CHARSET=utf8;

-- ----------------------------
-- Records of role
-- ----------------------------
INSERT INTO `role` VALUES ('1', 'ROLE_manager', '部门经理');
INSERT INTO `role` VALUES ('2', 'ROLE_personnel', '人事专员');
INSERT INTO `role` VALUES ('3', 'ROLE_recruiter', '招聘主管');
INSERT INTO `role` VALUES ('4', 'ROLE_train', '培训主管');
INSERT INTO `role` VALUES ('5', 'ROLE_performance', '薪酬绩效主管');
INSERT INTO `role` VALUES ('6', 'ROLE_admin', '系统管理员');
INSERT INTO `role` VALUES ('13', 'ROLE_test2', '测试角色2');
INSERT INTO `role` VALUES ('14', 'ROLE_test1', '测试角色1');

-- ----------------------------
-- Table structure for salary
-- ----------------------------
DROP TABLE IF EXISTS `salary`;
CREATE TABLE `salary` (
  `id` bigint(20) NOT NULL AUTO_INCREMENT,
  `basicSalary` int(11) DEFAULT NULL COMMENT '基本工资',
  `bonus` int(11) DEFAULT NULL COMMENT '奖金',
  `lunchSalary` int(11) DEFAULT NULL COMMENT '午餐补助',
  `trafficSalary` int(11) DEFAULT NULL COMMENT '交通补助',
  `allSalary` int(11) DEFAULT NULL COMMENT '应发工资',
  `pensionBase` int(11) DEFAULT NULL COMMENT '养老金基数',
  `pensionPer` float DEFAULT NULL COMMENT '养老金比率',
  `createDate` datetime DEFAULT NULL COMMENT '启用时间',
  `medicalBase` int(11) DEFAULT NULL COMMENT '医疗基数',
  `medicalPer` float DEFAULT NULL COMMENT '医疗保险比率',
  `accumulationFundBase` int(11) DEFAULT NULL COMMENT '公积金基数',
  `accumulationFundPer` float DEFAULT NULL COMMENT '公积金比率',
  `name` varchar(32) DEFAULT NULL,
  `updateDate` datetime DEFAULT NULL COMMENT '更新时间',
  PRIMARY KEY (`id`)
) ENGINE=InnoDB AUTO_INCREMENT=14 DEFAULT CHARSET=utf8;

-- ----------------------------
-- Records of salary
-- ----------------------------
INSERT INTO `salary` VALUES ('9', '9000', '4000', '800', '500', null, '2000', '0.07', '2019-02-02 00:00:00', '2000', '0.07', '2000', '0.07', '市场部工资账套', '2019-07-17 00:00:00');
INSERT INTO `salary` VALUES ('10', '2000', '2000', '400', '1000', null, '2000', '0.07', '2018-01-01 00:00:00', '2000', '0.07', '2000', '0.07', '人事部工资账套', null);
INSERT INTO `salary` VALUES ('13', '10000', '3000', '500', '500', null, '4000', '0.07', '2018-01-25 00:00:00', '4000', '0.07', '4000', '0.07', '运维部工资账套', null);

-- ----------------------------
-- Table structure for sysmsg
-- ----------------------------
DROP TABLE IF EXISTS `sysmsg`;
CREATE TABLE `sysmsg` (
  `id` bigint(20) NOT NULL AUTO_INCREMENT,
  `mid` bigint(20) DEFAULT NULL COMMENT '消息id',
  `type` int(11) DEFAULT '0' COMMENT '0表示群发消息',
  `hrid` bigint(20) DEFAULT NULL COMMENT '这条消息是给谁的',
  `state` int(11) DEFAULT '0' COMMENT '0 未读 1 已读',
  PRIMARY KEY (`id`),
  KEY `hrid` (`hrid`),
  KEY `sysmsg_ibfk_1` (`mid`),
  CONSTRAINT `sysmsg_ibfk_1` FOREIGN KEY (`hrid`) REFERENCES `hr` (`id`)
) ENGINE=InnoDB AUTO_INCREMENT=82 DEFAULT CHARSET=utf8;

-- ----------------------------
-- Records of sysmsg
-- ----------------------------
INSERT INTO `sysmsg` VALUES ('57', '14', '0', '3', '1');
INSERT INTO `sysmsg` VALUES ('58', '14', '0', '5', '1');
INSERT INTO `sysmsg` VALUES ('59', '14', '0', '10', '1');
INSERT INTO `sysmsg` VALUES ('60', '14', '0', '11', '0');
INSERT INTO `sysmsg` VALUES ('61', '14', '0', '12', '0');
INSERT INTO `sysmsg` VALUES ('62', '15', '0', '3', '1');
INSERT INTO `sysmsg` VALUES ('63', '15', '0', '5', '1');
INSERT INTO `sysmsg` VALUES ('64', '15', '0', '10', '1');
INSERT INTO `sysmsg` VALUES ('65', '15', '0', '11', '0');
INSERT INTO `sysmsg` VALUES ('66', '15', '0', '12', '0');
INSERT INTO `sysmsg` VALUES ('67', '16', '0', '3', '1');
INSERT INTO `sysmsg` VALUES ('68', '16', '0', '5', '1');
INSERT INTO `sysmsg` VALUES ('69', '16', '0', '10', '1');
INSERT INTO `sysmsg` VALUES ('70', '16', '0', '11', '0');
INSERT INTO `sysmsg` VALUES ('71', '16', '0', '12', '0');
INSERT INTO `sysmsg` VALUES ('72', '17', '0', '3', '1');
INSERT INTO `sysmsg` VALUES ('73', '17', '0', '5', '1');
INSERT INTO `sysmsg` VALUES ('74', '17', '0', '10', '1');
INSERT INTO `sysmsg` VALUES ('75', '17', '0', '11', '0');
INSERT INTO `sysmsg` VALUES ('76', '17', '0', '12', '0');
INSERT INTO `sysmsg` VALUES ('77', '18', '0', '3', '1');
INSERT INTO `sysmsg` VALUES ('78', '18', '0', '5', '0');
INSERT INTO `sysmsg` VALUES ('79', '18', '0', '10', '0');
INSERT INTO `sysmsg` VALUES ('80', '18', '0', '11', '0');
INSERT INTO `sysmsg` VALUES ('81', '18', '0', '12', '0');

-- ----------------------------
-- Procedure structure for addDep
-- ----------------------------
DROP PROCEDURE IF EXISTS `addDep`;
DELIMITER ;;
CREATE DEFINER=`root`@`localhost` PROCEDURE `addDep`(in depName varchar(32),in parentId int,in enabled boolean,out result int,out result2 int)
begin
  declare did int;
  declare pDepPath varchar(64);
  insert into department set name=depName,parentId=parentId,enabled=enabled;
  select row_count() into result;
  select last_insert_id() into did;
  set result2=did;
  select depPath into pDepPath from department where id=parentId;
  update department set depPath=concat(pDepPath,'.',did) where id=did;
  update department set isParent=true where id=parentId;
end
;;
DELIMITER ;

-- ----------------------------
-- Procedure structure for deleteDep
-- ----------------------------
DROP PROCEDURE IF EXISTS `deleteDep`;
DELIMITER ;;
CREATE DEFINER=`root`@`localhost` PROCEDURE `deleteDep`(in did int,out result int)
begin
  declare ecount int;
  declare pid int;
  declare pcount int;
  select count(*) into ecount from employee where departmentId=did;
  if ecount>0 then set result=-1;
  else 
  select parentId into pid from department where id=did;
  delete from department where id=did and isParent=false;
  select row_count() into result;
  select count(*) into pcount from department where parentId=pid;
  if pcount=0 then update department set isParent=false where id=pid;
  end if;
  end if;
end
;;
DELIMITER ;
